hospital_id,x_km,y_km
H001,82.47,144.42
H002,133.76,178.06
H003,201.44,233.8
H004,216.7,131.49
H005,49.6,113.02
H006,181.49,140.53
H007,192.66,69.86
H008,153.01,36.12
H009,0,145.71
H010,36.1,197.9
H011,5.97,181.52
H012,0.96,143.93
H013,-13.85,200.5
H014,135.48,174.63
H015,132.63,190.98
H016,146.53,207.27
H017,99.46,209.83
H018,154.87,197.25
H019,237.58,219.67
H020,168.65,210.07
H021,180.21,221.67
H022,236.15,187.21
H023,154.85,193.8
H024,254.94,202.09
H025,291.44,102.64
H026,293.07,184.55
H027,203.75,139.61
H028,212.99,147.07
H029,85.71,115.48
H030,46.79,109.99
H031,79.63,42.21
H032,101.05,53.91
H033,62.89,97.52
H034,138.65,138
H035,188.1,117.59
H036,171.29,131.89
H037,174.94,90.27
H038,161.31,157.31
H039,215.04,59.47
H040,213.78,94.73
H041,231.2,54.33
H042,214.2,2.37
H043,206.72,47.65
H044,166.53,40.88
H045,160.8,75.55
H046,146.51,29.48
H047,186.39,17.71
H048,111.02,58.08
H049,150.42,196.17
H050,110.62,67.61
H051,86.59,17.31
H052,272.57,186.21
H053,208.89,6.75
H054,26.33,202.13
H055,100.82,65.26
H056,141.8,66.21
H057,74.52,162.02
H058,134.45,197.23
H059,111.13,162.46
H060,193.49,35.05
H061,105.41,82.99
H062,161.58,189.6
H063,156.02,-7.34
H064,107.77,84.31
H065,99.72,122.33
H066,202.13,115.08
H067,139.95,93.4
H068,150.01,202.55
H069,135.61,187.33
H070,222.54,149.76
H071,120.95,194.35
H072,152.23,172.29
H073,143.1,54.42
H074,62.97,44.04
H075,76.76,149.33
H076,198.06,226.1
H077,229.27,202.52
H078,37.69,183.24
H079,130.9,109.7
H080,54.76,146.23
H081,249.16,147.05
H082,127.07,43.98
H083,120.28,43.87
H084,305.57,130.72
H085,246.15,133.14
H086,263.49,158.18
H087,196.35,154.84
H088,114.12,156.42
H089,233.69,171.86
H090,203.34,146.43
H091,198.05,43.4
H092,189.6,71.98
H093,78.6,158.97
H094,219.88,127.03
H095,123.53,191.4
H096,225.47,147.09
H097,207.98,122.27
H098,247.23,87.72
H099,313.91,131
H100,-12.34,174.25
H101,62.51,80.56
H102,140.69,-20.9
H103,223.69,149.4
H104,224.35,213
H105,11.53,168.06
H106,132.88,168.43
H107,53.9,127.51
H108,9.93,161.33
H109,79.81,163.07
H110,167.1,96.9
H111,146.3,188.92
H112,20.88,199.93
H113,182.43,208.99
H114,43.36,213.53
H115,49.63,193.59
H116,166.02,108.55
H117,194.53,128.76
H118,7.1,175.9
H119,193.4,10.97
H120,39.79,120.18
