package_code,package_name,specialty,rate,surgical,day_care,typical_los
M01,Acute febrile illness,General Medicine,9000,FALSE,FALSE,4
M02,Acute gastroenteritis,General Medicine,8000,FALSE,FALSE,3
M03,Pneumonia,General Medicine,15000,FALSE,FALSE,6
M04,Dengue fever,General Medicine,12000,FALSE,FALSE,5
M05,Diabetic ketoacidosis,General Medicine,20000,FALSE,FALSE,5
S01,Appendectomy,General Surgery,25000,TRUE,FALSE,3
S02,Inguinal hernia repair,General Surgery,22000,TRUE,FALSE,2
S03,Laparoscopic cholecystectomy,General Surgery,35000,TRUE,FALSE,3
G01,Hysterectomy,Gynaecology,30000,TRUE,FALSE,4
G02,Caesarean delivery,Obstetrics,12000,TRUE,FALSE,4
G03,Normal delivery,Obstetrics,6000,FALSE,FALSE,2
O01,Cataract surgery with lens,Ophthalmology,10000,TRUE,TRUE,0
R01,Total knee replacement,Orthopaedics,90000,TRUE,FALSE,6
R02,Fracture fixation,Orthopaedics,30000,TRUE,FALSE,4
C01,Coronary angioplasty,Cardiology,120000,TRUE,FALSE,3
A01,ICU stay (add-on),Add-on,15000,FALSE,FALSE,NA
A02,Blood transfusion (add-on),Add-on,3000,FALSE,FALSE,NA
A03,CT scan (add-on),Add-on,3500,FALSE,FALSE,NA
A04,Ultrasound abdomen (add-on),Add-on,1000,FALSE,FALSE,NA
A05,Diagnostic laparoscopy (add-on),Add-on,12000,FALSE,FALSE,NA
A06,Intraocular lens (add-on),Add-on,4000,FALSE,FALSE,NA
