feedback_id,hospital_id,comment,rating
FB0001,H021,"Food was not good.  Thank you, the operation was successful.",5
FB0002,H100,Discharged after treatment.  Stayed for some days.,3
FB0003,H045,Doctors were very good and caring.,5
FB0004,H098,Staff was rude and careless.,1
FB0005,H104,Very clean ward and good food.,5
FB0006,H094,Discharged after treatment.  They forced us to get operation done.,2
FB0007,H073,Staff was polite and the doctor was experienced.,4
FB0008,H072,"Not happy with the treatment.  Good hospital, everything was explained properly.",2
FB0009,H117,Staff was polite and the doctor was experienced.  Discharged after treatment.,4
FB0010,H105,Not happy with the treatment.,2
FB0011,H065,Doctors were very good and caring.  Very clean ward and good food.,5
FB0012,H051,"Operation done under scheme.  Good hospital, everything was explained properly.",3
FB0013,H006,"Excellent care, my mother recovered quickly.",3
FB0014,H044,Food was not good.  Treatment was done.,3
FB0015,H016,Staff was polite and the doctor was experienced.  Treatment was free and the staff was helpful.,5
FB0016,H041,"Thank you, the operation was successful.",5
FB0017,H116,"Discharged too early, still in pain.",2
FB0018,H120,Stayed for some days.,3
FB0019,H062,"Nurses were kind and attentive.  Thank you, the operation was successful.",5
FB0020,H026,Toilets were not clean.  Treatment was done.,3
FB0021,H076,"Staff was rude and careless.  Doctor was not available, very poor service.",1
FB0022,H040,Discharged after treatment.,3
FB0023,H060,"Thank you, the operation was successful.",5
FB0024,H098,Discharged after treatment.  Staff was polite and the doctor was experienced.,4
FB0025,H080,Discharged after treatment.,3
FB0026,H099,Nurses were kind and attentive.,4
FB0027,H064,Very clean ward and good food.  Very clean ward and good food.,5
FB0028,H055,Nurses were kind and attentive.,4
FB0029,H032,"Doctors were very good and caring.  Thank you, the operation was successful.",5
FB0030,H116,Operation done under scheme.,3
FB0031,H071,"Discharged after treatment.  Doctor was not available, very poor service.",1
FB0032,H049,Very clean ward and good food.,5
FB0033,H069,Toilets were not clean.  Very clean ward and good food.,5
FB0034,H025,"Thank you, the operation was successful.  Good hospital, everything was explained properly.",5
FB0035,H041,Discharged after treatment.,3
FB0036,H073,Operation done under scheme.,4
FB0037,H005,"Thank you, the operation was successful.",5
FB0038,H004,"Good hospital, everything was explained properly.",5
FB0039,H088,Discharged after treatment.  Discharged after treatment.,3
FB0040,H001,"Good hospital, everything was explained properly.",5
FB0041,H028,"Very clean ward and good food.  Bad experience, worst hospital.",4
FB0042,H049,Operation done under scheme.,3
FB0043,H013,Doctors were very good and caring.,4
FB0044,H033,Staff was polite and the doctor was experienced.,4
FB0045,H052,Treatment was free and the staff was helpful.  Treatment was done.,4
FB0046,H080,Staff was rude and careless.,2
FB0047,H098,"Staff was polite and the doctor was experienced.  Long wait, nobody attended to us.",4
FB0048,H066,"Good hospital, everything was explained properly.",4
FB0049,H047,Discharged after treatment.  Staff was polite and the doctor was experienced.,4
FB0050,H080,Nurses were kind and attentive.,4
FB0051,H024,"Excellent care, my mother recovered quickly.  Thank you, the operation was successful.",4
FB0052,H060,Operation done under scheme.  Nurses were kind and attentive.,4
FB0053,H013,Treatment was free and the staff was helpful.  Doctors were very good and caring.,5
FB0054,H066,Operation done under scheme.,3
FB0055,H112,Stayed for some days.,4
FB0056,H020,"Thank you, the operation was successful.  Doctors were very good and caring.",5
FB0057,H072,"Good hospital, everything was explained properly.  Staff was polite and the doctor was experienced.",4
FB0058,H077,"Treatment was done.  Doctor was not available, very poor service.",2
FB0059,H098,Food was not good.,2
FB0060,H087,"Thank you, the operation was successful.  Thank you, the operation was successful.",5
FB0061,H087,"Excellent care, my mother recovered quickly.",5
FB0062,H069,Treatment was free and the staff was helpful.,4
FB0063,H071,"Long wait, nobody attended to us.  Long wait, nobody attended to us.",1
FB0064,H093,Operation done under scheme.  Treatment was done.,4
FB0065,H090,Doctors were very good and caring.,4
FB0066,H108,The doctor was not helpful.,3
FB0067,H078,Operation done under scheme.,2
FB0068,H039,Staff was polite and the doctor was experienced.  They forced us to get operation done.,4
FB0069,H048,Operation done under scheme.  Staff was rude and careless.,1
FB0070,H039,Treatment was free and the staff was helpful.,4
FB0071,H031,Toilets were not clean.  Operation done under scheme.,3
FB0072,H047,"Operation done under scheme.  Doctor was not available, very poor service.",1
FB0073,H033,Nurses were kind and attentive.,4
FB0074,H047,"Excellent care, my mother recovered quickly.",5
FB0075,H040,"Thank you, the operation was successful.  Very clean ward and good food.",5
FB0076,H065,"Excellent care, my mother recovered quickly.",3
FB0077,H105,"Doctors were very good and caring.  Long wait, nobody attended to us.",3
FB0078,H111,Operation done under scheme.  Treatment was free and the staff was helpful.,5
FB0079,H111,"Doctors were very good and caring.  Discharged too early, still in pain.",5
FB0080,H009,"Bad experience, worst hospital.",3
FB0081,H057,Doctors were very good and caring.,5
FB0082,H074,Discharged after treatment.,3
FB0083,H020,Staff was rude and careless.,2
FB0084,H031,"Good hospital, everything was explained properly.",4
FB0085,H052,"Excellent care, my mother recovered quickly.",4
FB0086,H051,"Discharged too early, still in pain.",2
FB0087,H022,Food was not good.,2
FB0088,H028,Very clean ward and good food.,5
FB0089,H054,Nurses were kind and attentive.,4
FB0090,H032,Staff was polite and the doctor was experienced.,4
FB0091,H078,Treatment was free and the staff was helpful.,4
FB0092,H003,Doctors were very good and caring.,5
FB0093,H056,Not happy with the treatment.,2
FB0094,H062,"Not happy with the treatment.  Good hospital, everything was explained properly.",3
FB0095,H010,"Doctor was not available, very poor service.",2
FB0096,H114,"Excellent care, my mother recovered quickly.",4
FB0097,H083,"Excellent care, my mother recovered quickly.",4
FB0098,H015,Treatment was free and the staff was helpful.,4
FB0099,H077,Discharged after treatment.  Treatment was done.,3
FB0100,H113,Nurses were kind and attentive.  Treatment was done.,4
FB0101,H115,"Good hospital, everything was explained properly.",5
FB0102,H056,Food was not good.,3
FB0103,H103,Stayed for some days.,4
FB0104,H044,Doctors were very good and caring.,5
FB0105,H045,They forced us to get operation done.,2
FB0106,H042,Stayed for some days.,2
FB0107,H063,Nurses were kind and attentive.,4
FB0108,H118,"Doctor was not available, very poor service.",1
FB0109,H011,Treatment was free and the staff was helpful.  Treatment was done.,4
FB0110,H039,Treatment was free and the staff was helpful.,3
FB0111,H057,Stayed for some days.,2
FB0112,H023,Nurses were kind and attentive.  Staff was polite and the doctor was experienced.,5
FB0113,H108,Doctors were very good and caring.  Staff was polite and the doctor was experienced.,5
FB0114,H006,Nurses were kind and attentive.,4
FB0115,H119,"Nurses were kind and attentive.  Thank you, the operation was successful.",5
FB0116,H015,Doctors were very good and caring.,4
FB0117,H094,"Doctor was not available, very poor service.",1
FB0118,H011,Not happy with the treatment.,3
FB0119,H043,"Doctor was not available, very poor service.  Very clean ward and good food.",2
FB0120,H082,Doctors were very good and caring.  Doctors were very good and caring.,5
FB0121,H056,"Toilets were not clean.  We had to pay for medicines, it was not free.",1
FB0122,H113,Very clean ward and good food.,5
FB0123,H104,Nurses were kind and attentive.,4
FB0124,H039,Treatment was free and the staff was helpful.,4
FB0125,H036,Stayed for some days.,3
FB0126,H004,"Excellent care, my mother recovered quickly.",4
FB0127,H075,Stayed for some days.,3
FB0128,H083,"Discharged too early, still in pain.",2
FB0129,H007,Operation done under scheme.  Doctors were very good and caring.,5
FB0130,H071,The doctor was not helpful.,4
FB0131,H022,Nurses were kind and attentive.  Staff was polite and the doctor was experienced.,5
FB0132,H014,Doctors were very good and caring.  Doctors were very good and caring.,5
FB0133,H085,Very clean ward and good food.,5
FB0134,H085,"Stayed for some days.  Discharged too early, still in pain.",3
FB0135,H112,Treatment was free and the staff was helpful.,4
FB0136,H030,Doctors were very good and caring.,4
FB0137,H027,Treatment was free and the staff was helpful.,4
FB0138,H014,"Good hospital, everything was explained properly.",4
FB0139,H108,Treatment was free and the staff was helpful.,3
FB0140,H074,Not happy with the treatment.  Treatment was free and the staff was helpful.,3
FB0141,H007,Stayed for some days.,2
FB0142,H115,"Long wait, nobody attended to us.",2
FB0143,H047,"Good hospital, everything was explained properly.",4
FB0144,H119,Doctors were very good and caring.,5
FB0145,H079,Treatment was free and the staff was helpful.  Treatment was free and the staff was helpful.,5
FB0146,H065,"Ward was dirty and smelly.  Excellent care, my mother recovered quickly.",3
FB0147,H009,"Excellent care, my mother recovered quickly.",5
FB0148,H029,Doctors were very good and caring.  Staff was polite and the doctor was experienced.,5
FB0149,H053,"Thank you, the operation was successful.",5
FB0150,H058,Doctors were very good and caring.  Stayed for some days.,4
FB0151,H037,Nurses were kind and attentive.  Treatment was free and the staff was helpful.,5
FB0152,H010,Staff was polite and the doctor was experienced.  Operation done under scheme.,4
FB0153,H106,Toilets were not clean.,4
FB0154,H030,"Thank you, the operation was successful.  Operation done under scheme.",5
FB0155,H038,"We had to pay for medicines, it was not free.  Long wait, nobody attended to us.",1
FB0156,H037,Not happy with the treatment.,2
FB0157,H014,Discharged after treatment.,3
FB0158,H117,Very clean ward and good food.  Treatment was free and the staff was helpful.,5
FB0159,H054,"Nurses were kind and attentive.  We had to pay for medicines, it was not free.",2
FB0160,H011,Doctors were very good and caring.,5
FB0161,H077,"Treatment was free and the staff was helpful.  Bad experience, worst hospital.",4
FB0162,H040,"We had to pay for medicines, it was not free.  Bad experience, worst hospital.",1
FB0163,H051,"Stayed for some days.  Good hospital, everything was explained properly.",5
FB0164,H039,"They forced us to get operation done.  Thank you, the operation was successful.",3
FB0165,H081,"Doctor was not available, very poor service.  Excellent care, my mother recovered quickly.",3
FB0166,H025,Treatment was done.,3
FB0167,H090,"Thank you, the operation was successful.  Thank you, the operation was successful.",5
FB0168,H068,Stayed for some days.,4
FB0169,H094,Doctors were very good and caring.,4
FB0170,H023,"Thank you, the operation was successful.",4
FB0171,H093,Stayed for some days.  Treatment was free and the staff was helpful.,5
FB0172,H093,Treatment was free and the staff was helpful.,5
FB0173,H006,"We had to pay for medicines, it was not free.",1
FB0174,H030,"Thank you, the operation was successful.  Doctor was not available, very poor service.",3
FB0175,H100,"Long wait, nobody attended to us.  Doctors were very good and caring.",4
FB0176,H002,"Thank you, the operation was successful.  They forced us to get operation done.",5
FB0177,H101,"We had to pay for medicines, it was not free.  Doctor was not available, very poor service.",1
FB0178,H016,"Thank you, the operation was successful.",5
FB0179,H100,"Good hospital, everything was explained properly.  Bad experience, worst hospital.",3
FB0180,H105,"Thank you, the operation was successful.",5
FB0181,H002,Stayed for some days.  Treatment was free and the staff was helpful.,4
FB0182,H067,"Excellent care, my mother recovered quickly.  Doctors were very good and caring.",5
FB0183,H082,Toilets were not clean.,2
FB0184,H080,"Nurses were kind and attentive.  Long wait, nobody attended to us.",4
FB0185,H069,Doctors were very good and caring.,5
FB0186,H111,Treatment was free and the staff was helpful.,4
FB0187,H044,The doctor was not helpful.  Doctors were very good and caring.,5
FB0188,H043,"Staff was polite and the doctor was experienced.  Doctor was not available, very poor service.",3
FB0189,H046,"Discharged too early, still in pain.",2
FB0190,H091,Stayed for some days.,3
FB0191,H023,Staff was rude and careless.  Staff was rude and careless.,1
FB0192,H060,Doctors were very good and caring.  Treatment was free and the staff was helpful.,5
FB0193,H099,Toilets were not clean.,4
FB0194,H050,Treatment was free and the staff was helpful.,4
FB0195,H071,Ward was dirty and smelly.  Staff was rude and careless.,2
FB0196,H108,"Good hospital, everything was explained properly.",4
FB0197,H108,"Doctors were very good and caring.  Excellent care, my mother recovered quickly.",5
FB0198,H029,Discharged after treatment.,3
FB0199,H036,"Excellent care, my mother recovered quickly.",4
FB0200,H038,Discharged after treatment.,3
FB0201,H088,Ward was dirty and smelly.,2
FB0202,H033,Doctors were very good and caring.,5
FB0203,H111,Nurses were kind and attentive.,3
FB0204,H036,Not happy with the treatment.  Ward was dirty and smelly.,1
FB0205,H109,"Good hospital, everything was explained properly.",4
FB0206,H031,Ward was dirty and smelly.,2
FB0207,H038,"Excellent care, my mother recovered quickly.",3
FB0208,H006,"Stayed for some days.  Discharged too early, still in pain.",2
FB0209,H062,Nurses were kind and attentive.  Staff was polite and the doctor was experienced.,5
FB0210,H019,Not happy with the treatment.,2
FB0211,H063,"Long wait, nobody attended to us.",3
FB0212,H017,"Very clean ward and good food.  Discharged too early, still in pain.",4
FB0213,H027,"Good hospital, everything was explained properly.  Staff was polite and the doctor was experienced.",5
FB0214,H099,Food was not good.  Nurses were kind and attentive.,5
FB0215,H107,"Doctor was not available, very poor service.  Doctor was not available, very poor service.",1
FB0216,H008,"Thank you, the operation was successful.",5
FB0217,H063,Doctors were very good and caring.,5
FB0218,H092,Treatment was free and the staff was helpful.,4
FB0219,H050,Staff was polite and the doctor was experienced.,4
FB0220,H029,Staff was polite and the doctor was experienced.  Discharged after treatment.,4
FB0221,H002,Operation done under scheme.  Staff was polite and the doctor was experienced.,4
FB0222,H056,Treatment was free and the staff was helpful.,4
FB0223,H043,Very clean ward and good food.  Discharged after treatment.,5
FB0224,H082,"Discharged too early, still in pain.  Ward was dirty and smelly.",1
FB0225,H040,Nurses were kind and attentive.,3
FB0226,H015,"Thank you, the operation was successful.",5
FB0227,H077,"Excellent care, my mother recovered quickly.",4
FB0228,H104,Treatment was done.,2
FB0229,H120,Staff was polite and the doctor was experienced.,3
FB0230,H047,Discharged after treatment.,3
FB0231,H077,Not happy with the treatment.,2
FB0232,H010,"Excellent care, my mother recovered quickly.",4
FB0233,H001,"Excellent care, my mother recovered quickly.  Operation done under scheme.",4
FB0234,H057,"Operation done under scheme.  Discharged too early, still in pain.",1
FB0235,H026,"Thank you, the operation was successful.",5
FB0236,H090,Nurses were kind and attentive.,5
FB0237,H075,Toilets were not clean.,3
FB0238,H112,The doctor was not helpful.,4
FB0239,H083,"Ward was dirty and smelly.  Thank you, the operation was successful.",4
FB0240,H063,Treatment was done.,3
FB0241,H009,Nurses were kind and attentive.,5
FB0242,H094,Treatment was done.  Staff was polite and the doctor was experienced.,4
FB0243,H099,"Thank you, the operation was successful.",4
FB0244,H007,Very clean ward and good food.  Discharged after treatment.,4
FB0245,H056,"Excellent care, my mother recovered quickly.  Staff was polite and the doctor was experienced.",5
FB0246,H088,"Doctor was not available, very poor service.  Nurses were kind and attentive.",2
FB0247,H119,Very clean ward and good food.  Discharged after treatment.,4
FB0248,H109,They forced us to get operation done.,3
FB0249,H054,"Good hospital, everything was explained properly.",4
FB0250,H025,Toilets were not clean.  Nurses were kind and attentive.,4
FB0251,H061,Treatment was done.  Doctors were very good and caring.,5
FB0252,H050,"Thank you, the operation was successful.",5
FB0253,H039,"Very clean ward and good food.  Thank you, the operation was successful.",5
FB0254,H082,Toilets were not clean.,3
FB0255,H018,"Good hospital, everything was explained properly.",3
FB0256,H016,Staff was rude and careless.,1
FB0257,H060,"Thank you, the operation was successful.",5
FB0258,H091,Doctors were very good and caring.  Operation done under scheme.,5
FB0259,H058,"Excellent care, my mother recovered quickly.",4
FB0260,H098,Staff was rude and careless.  Stayed for some days.,2
FB0261,H049,Doctors were very good and caring.,5
FB0262,H109,Operation done under scheme.  Treatment was done.,3
FB0263,H076,Staff was polite and the doctor was experienced.,3
FB0264,H101,Treatment was free and the staff was helpful.,4
FB0265,H102,"Doctor was not available, very poor service.",1
FB0266,H097,Toilets were not clean.,3
FB0267,H014,Very clean ward and good food.,4
FB0268,H068,Very clean ward and good food.,5
FB0269,H001,Doctors were very good and caring.,4
FB0270,H063,"We had to pay for medicines, it was not free.  Ward was dirty and smelly.",1
FB0271,H037,"Excellent care, my mother recovered quickly.",4
FB0272,H021,Doctors were very good and caring.,5
FB0273,H013,"Staff was rude and careless.  Good hospital, everything was explained properly.",3
FB0274,H044,"Good hospital, everything was explained properly.  Long wait, nobody attended to us.",3
FB0275,H044,"Excellent care, my mother recovered quickly.  Discharged after treatment.",5
FB0276,H068,"Thank you, the operation was successful.",5
FB0277,H017,Not happy with the treatment.  Staff was rude and careless.,1
FB0278,H075,Discharged after treatment.,3
FB0279,H013,Discharged after treatment.,4
FB0280,H049,"Operation done under scheme.  Bad experience, worst hospital.",1
FB0281,H033,Food was not good.,2
FB0282,H053,"Excellent care, my mother recovered quickly.  Doctor was not available, very poor service.",2
FB0283,H035,Stayed for some days.,3
FB0284,H099,Staff was polite and the doctor was experienced.,4
FB0285,H093,Nurses were kind and attentive.,4
FB0286,H095,Staff was polite and the doctor was experienced.  Very clean ward and good food.,5
FB0287,H055,They forced us to get operation done.  Operation done under scheme.,2
FB0288,H045,Doctors were very good and caring.,5
FB0289,H081,Stayed for some days.  Stayed for some days.,3
FB0290,H017,"Good hospital, everything was explained properly.  Excellent care, my mother recovered quickly.",5
FB0291,H002,"Thank you, the operation was successful.",5
FB0292,H107,"Very clean ward and good food.  Long wait, nobody attended to us.",4
FB0293,H071,"Discharged too early, still in pain.  Operation done under scheme.",2
FB0294,H084,"Long wait, nobody attended to us.  They forced us to get operation done.",2
FB0295,H069,The doctor was not helpful.,3
FB0296,H037,Operation done under scheme.,3
FB0297,H078,Not happy with the treatment.,2
FB0298,H101,"Good hospital, everything was explained properly.",4
FB0299,H027,Food was not good.,3
FB0300,H097,Doctors were very good and caring.  Treatment was free and the staff was helpful.,5
FB0301,H067,"Long wait, nobody attended to us.  Staff was polite and the doctor was experienced.",2
FB0302,H073,"Food was not good.  Thank you, the operation was successful.",4
FB0303,H053,Very clean ward and good food.,5
FB0304,H013,Not happy with the treatment.,3
FB0305,H004,"Good hospital, everything was explained properly.  Doctor was not available, very poor service.",1
FB0306,H046,"Excellent care, my mother recovered quickly.  Thank you, the operation was successful.",5
FB0307,H077,"Doctors were very good and caring.  Discharged too early, still in pain.",3
FB0308,H047,Stayed for some days.  Doctors were very good and caring.,5
FB0309,H001,Operation done under scheme.,3
FB0310,H043,"Good hospital, everything was explained properly.  Stayed for some days.",4
FB0311,H109,Treatment was done.  Staff was polite and the doctor was experienced.,4
FB0312,H019,"Long wait, nobody attended to us.",2
FB0313,H043,Doctors were very good and caring.,5
FB0314,H096,Very clean ward and good food.,4
FB0315,H051,Treatment was free and the staff was helpful.,3
FB0316,H097,Very clean ward and good food.,5
FB0317,H055,"Stayed for some days.  Good hospital, everything was explained properly.",5
FB0318,H046,"Bad experience, worst hospital.",2
FB0319,H048,"We had to pay for medicines, it was not free.  Very clean ward and good food.",3
FB0320,H081,Very clean ward and good food.,5
FB0321,H036,Nurses were kind and attentive.  Operation done under scheme.,4
FB0322,H088,"Excellent care, my mother recovered quickly.  Good hospital, everything was explained properly.",5
FB0323,H085,Doctors were very good and caring.  Ward was dirty and smelly.,3
FB0324,H117,Staff was polite and the doctor was experienced.,4
FB0325,H069,Treatment was free and the staff was helpful.,5
FB0326,H052,"Thank you, the operation was successful.",5
FB0327,H003,Toilets were not clean.  Discharged after treatment.,3
FB0328,H021,Very clean ward and good food.,5
FB0329,H073,"Excellent care, my mother recovered quickly.  Operation done under scheme.",3
FB0330,H062,Treatment was done.,3
FB0331,H022,"Thank you, the operation was successful.",4
FB0332,H079,Toilets were not clean.,4
FB0333,H053,Operation done under scheme.,3
FB0334,H031,"Stayed for some days.  Long wait, nobody attended to us.",2
FB0335,H103,Treatment was free and the staff was helpful.,4
FB0336,H052,"Discharged after treatment.  Thank you, the operation was successful.",5
FB0337,H035,Stayed for some days.  Stayed for some days.,3
FB0338,H097,Treatment was free and the staff was helpful.,4
FB0339,H015,"Bad experience, worst hospital.",2
FB0340,H055,"Excellent care, my mother recovered quickly.",4
FB0341,H029,"Good hospital, everything was explained properly.",4
FB0342,H048,Staff was polite and the doctor was experienced.,4
FB0343,H056,Ward was dirty and smelly.  Nurses were kind and attentive.,3
FB0344,H033,Nurses were kind and attentive.,4
FB0345,H097,"Good hospital, everything was explained properly.",3
FB0346,H073,Nurses were kind and attentive.  Very clean ward and good food.,5
FB0347,H017,Operation done under scheme.,2
FB0348,H033,Ward was dirty and smelly.,2
FB0349,H069,Doctors were very good and caring.,5
FB0350,H113,Staff was polite and the doctor was experienced.,5
FB0351,H120,The doctor was not helpful.  Treatment was free and the staff was helpful.,4
FB0352,H041,"Doctor was not available, very poor service.  Doctors were very good and caring.",3
FB0353,H034,"Excellent care, my mother recovered quickly.  Good hospital, everything was explained properly.",5
FB0354,H024,"Doctor was not available, very poor service.",2
FB0355,H015,"Discharged after treatment.  Thank you, the operation was successful.",3
FB0356,H060,Treatment was free and the staff was helpful.  Doctors were very good and caring.,5
FB0357,H077,Staff was polite and the doctor was experienced.,4
FB0358,H011,Ward was dirty and smelly.  Nurses were kind and attentive.,3
FB0359,H120,Staff was polite and the doctor was experienced.  Very clean ward and good food.,5
FB0360,H111,"Excellent care, my mother recovered quickly.",4
FB0361,H042,"Good hospital, everything was explained properly.",4
FB0362,H086,Toilets were not clean.  Very clean ward and good food.,4
FB0363,H108,"Nurses were kind and attentive.  Long wait, nobody attended to us.",3
FB0364,H108,Not happy with the treatment.,1
FB0365,H065,Treatment was done.,3
FB0366,H118,Doctors were very good and caring.  Treatment was free and the staff was helpful.,5
FB0367,H029,Nurses were kind and attentive.,3
FB0368,H088,Treatment was done.  Staff was polite and the doctor was experienced.,5
FB0369,H061,"Long wait, nobody attended to us.  Discharged after treatment.",1
FB0370,H111,Doctors were very good and caring.,4
FB0371,H076,"Nurses were kind and attentive.  Discharged too early, still in pain.",3
FB0372,H029,"Discharged too early, still in pain.",2
FB0373,H023,Discharged after treatment.  Stayed for some days.,3
FB0374,H078,"They forced us to get operation done.  Good hospital, everything was explained properly.",5
FB0375,H076,Not happy with the treatment.  Staff was rude and careless.,2
FB0376,H004,Staff was polite and the doctor was experienced.,3
FB0377,H011,Stayed for some days.  Stayed for some days.,4
FB0378,H021,"Very clean ward and good food.  Thank you, the operation was successful.",5
FB0379,H107,Staff was polite and the doctor was experienced.,4
FB0380,H030,Treatment was free and the staff was helpful.,4
FB0381,H106,Very clean ward and good food.,5
FB0382,H117,"Excellent care, my mother recovered quickly.",4
FB0383,H043,Staff was polite and the doctor was experienced.,2
FB0384,H096,Operation done under scheme.,4
FB0385,H019,"Good hospital, everything was explained properly.",3
FB0386,H073,Not happy with the treatment.,2
FB0387,H076,"Thank you, the operation was successful.",5
FB0388,H023,Staff was polite and the doctor was experienced.,3
FB0389,H063,Ward was dirty and smelly.,3
FB0390,H033,Very clean ward and good food.  Staff was polite and the doctor was experienced.,5
FB0391,H045,"Good hospital, everything was explained properly.",4
FB0392,H030,Treatment was free and the staff was helpful.,3
FB0393,H035,"We had to pay for medicines, it was not free.",1
FB0394,H051,Staff was polite and the doctor was experienced.,4
FB0395,H078,Not happy with the treatment.,2
FB0396,H095,Stayed for some days.  Stayed for some days.,3
FB0397,H118,Doctors were very good and caring.  Staff was polite and the doctor was experienced.,5
FB0398,H061,Toilets were not clean.,3
FB0399,H114,Nurses were kind and attentive.,3
FB0400,H071,Not happy with the treatment.  Staff was rude and careless.,1
FB0401,H035,Discharged after treatment.,3
FB0402,H002,Staff was polite and the doctor was experienced.  Nurses were kind and attentive.,4
FB0403,H019,Staff was polite and the doctor was experienced.,4
FB0404,H036,"Good hospital, everything was explained properly.  Staff was polite and the doctor was experienced.",5
FB0405,H067,Toilets were not clean.,3
FB0406,H081,Treatment was free and the staff was helpful.  Discharged after treatment.,5
FB0407,H028,"Discharged after treatment.  Long wait, nobody attended to us.",2
FB0408,H092,"We had to pay for medicines, it was not free.",1
FB0409,H029,Treatment was free and the staff was helpful.,4
FB0410,H097,Doctors were very good and caring.  Staff was polite and the doctor was experienced.,5
FB0411,H005,Food was not good.  Discharged after treatment.,2
FB0412,H005,Food was not good.,3
FB0413,H113,Very clean ward and good food.,4
FB0414,H019,"Good hospital, everything was explained properly.",5
FB0415,H067,"Thank you, the operation was successful.  Discharged after treatment.",4
FB0416,H073,Treatment was done.  Staff was rude and careless.,2
FB0417,H014,Staff was polite and the doctor was experienced.  Stayed for some days.,5
FB0418,H064,"Excellent care, my mother recovered quickly.",4
FB0419,H063,Nurses were kind and attentive.,5
FB0420,H019,"Doctor was not available, very poor service.",1
FB0421,H034,"They forced us to get operation done.  Long wait, nobody attended to us.",1
FB0422,H105,Not happy with the treatment.,2
FB0423,H058,"Staff was polite and the doctor was experienced.  Thank you, the operation was successful.",5
FB0424,H108,Operation done under scheme.,3
FB0425,H041,Treatment was free and the staff was helpful.,4
FB0426,H099,Not happy with the treatment.  Ward was dirty and smelly.,1
FB0427,H070,Food was not good.,2
FB0428,H087,Very clean ward and good food.,5
FB0429,H088,Stayed for some days.  They forced us to get operation done.,2
FB0430,H096,Treatment was done.,2
FB0431,H087,"Good hospital, everything was explained properly.",3
FB0432,H054,Doctors were very good and caring.,4
FB0433,H037,Staff was rude and careless.  Treatment was free and the staff was helpful.,3
FB0434,H117,Staff was polite and the doctor was experienced.  They forced us to get operation done.,3
FB0435,H098,"Thank you, the operation was successful.  Bad experience, worst hospital.",4
FB0436,H097,"Staff was polite and the doctor was experienced.  Good hospital, everything was explained properly.",5
FB0437,H080,Discharged after treatment.,3
FB0438,H115,Very clean ward and good food.,5
FB0439,H073,"Thank you, the operation was successful.  Staff was polite and the doctor was experienced.",5
FB0440,H052,"Excellent care, my mother recovered quickly.",4
FB0441,H098,Staff was polite and the doctor was experienced.,4
FB0442,H118,Treatment was free and the staff was helpful.  Treatment was free and the staff was helpful.,5
FB0443,H077,"Staff was polite and the doctor was experienced.  Thank you, the operation was successful.",5
FB0444,H111,Doctors were very good and caring.,5
FB0445,H017,"Good hospital, everything was explained properly.",4
FB0446,H116,Staff was rude and careless.,3
FB0447,H105,Very clean ward and good food.,4
FB0448,H118,Doctors were very good and caring.,5
FB0449,H105,Operation done under scheme.,3
FB0450,H012,"Stayed for some days.  Doctor was not available, very poor service.",2
FB0451,H070,Stayed for some days.,3
FB0452,H110,"Good hospital, everything was explained properly.  Operation done under scheme.",4
FB0453,H073,Staff was polite and the doctor was experienced.,3
FB0454,H022,Very clean ward and good food.  Nurses were kind and attentive.,5
FB0455,H098,Operation done under scheme.  Treatment was free and the staff was helpful.,4
FB0456,H005,Operation done under scheme.  Discharged after treatment.,3
FB0457,H015,Staff was polite and the doctor was experienced.,4
FB0458,H081,Food was not good.,3
FB0459,H091,"Discharged too early, still in pain.",2
FB0460,H058,Not happy with the treatment.,2
FB0461,H076,"Excellent care, my mother recovered quickly.",3
FB0462,H027,"Thank you, the operation was successful.",4
FB0463,H096,"Staff was polite and the doctor was experienced.  Thank you, the operation was successful.",5
FB0464,H064,Nurses were kind and attentive.,5
FB0465,H044,Treatment was done.  Staff was polite and the doctor was experienced.,4
FB0466,H018,"Very clean ward and good food.  Excellent care, my mother recovered quickly.",5
FB0467,H053,Toilets were not clean.,3
FB0468,H070,Food was not good.,3
FB0469,H046,"The doctor was not helpful.  Excellent care, my mother recovered quickly.",4
FB0470,H085,Treatment was free and the staff was helpful.  Operation done under scheme.,3
FB0471,H010,Toilets were not clean.,3
FB0472,H013,Discharged after treatment.  Stayed for some days.,3
FB0473,H038,Doctors were very good and caring.  Staff was polite and the doctor was experienced.,5
FB0474,H009,Very clean ward and good food.  Treatment was free and the staff was helpful.,5
FB0475,H062,Stayed for some days.  They forced us to get operation done.,1
FB0476,H045,Very clean ward and good food.  Very clean ward and good food.,5
FB0477,H011,Nurses were kind and attentive.  Staff was polite and the doctor was experienced.,5
FB0478,H054,Very clean ward and good food.  Nurses were kind and attentive.,5
FB0479,H062,"Good hospital, everything was explained properly.",5
FB0480,H020,"Excellent care, my mother recovered quickly.",5
FB0481,H086,"Excellent care, my mother recovered quickly.",5
FB0482,H070,"Ward was dirty and smelly.  Bad experience, worst hospital.",1
FB0483,H014,"Nurses were kind and attentive.  Good hospital, everything was explained properly.",5
FB0484,H042,"Operation done under scheme.  Doctor was not available, very poor service.",1
FB0485,H065,Very clean ward and good food.,5
FB0486,H111,Nurses were kind and attentive.,4
FB0487,H108,Staff was polite and the doctor was experienced.  Treatment was free and the staff was helpful.,5
FB0488,H120,Treatment was free and the staff was helpful.,4
FB0489,H068,Very clean ward and good food.  Nurses were kind and attentive.,5
FB0490,H054,Nurses were kind and attentive.,5
FB0491,H101,"Long wait, nobody attended to us.",1
FB0492,H002,Stayed for some days.,3
FB0493,H119,Stayed for some days.  Very clean ward and good food.,4
FB0494,H053,Doctors were very good and caring.,5
FB0495,H052,Food was not good.,3
FB0496,H104,"Good hospital, everything was explained properly.",4
FB0497,H012,"Thank you, the operation was successful.  Thank you, the operation was successful.",5
FB0498,H030,Not happy with the treatment.  Stayed for some days.,2
FB0499,H108,Treatment was free and the staff was helpful.,4
FB0500,H096,Operation done under scheme.  Doctors were very good and caring.,5
FB0501,H027,Discharged after treatment.,3
FB0502,H060,Stayed for some days.,4
FB0503,H001,The doctor was not helpful.,2
FB0504,H026,"Doctor was not available, very poor service.",1
FB0505,H048,Discharged after treatment.,3
FB0506,H104,"We had to pay for medicines, it was not free.",1
FB0507,H070,"Bad experience, worst hospital.",2
FB0508,H002,"Long wait, nobody attended to us.",2
FB0509,H102,"Long wait, nobody attended to us.",2
FB0510,H045,Food was not good.,3
FB0511,H025,Very clean ward and good food.  Stayed for some days.,5
FB0512,H086,"Excellent care, my mother recovered quickly.",4
FB0513,H074,Operation done under scheme.,3
FB0514,H046,Treatment was done.,3
FB0515,H034,"Long wait, nobody attended to us.",2
FB0516,H071,Not happy with the treatment.,3
FB0517,H011,"Excellent care, my mother recovered quickly.  Very clean ward and good food.",5
FB0518,H014,Stayed for some days.,4
FB0519,H101,Not happy with the treatment.,2
FB0520,H072,Nurses were kind and attentive.,4
FB0521,H025,Very clean ward and good food.,4
FB0522,H032,Nurses were kind and attentive.  Staff was polite and the doctor was experienced.,5
FB0523,H105,Very clean ward and good food.,5
FB0524,H059,"Good hospital, everything was explained properly.  Stayed for some days.",3
FB0525,H013,Operation done under scheme.,3
FB0526,H040,"Treatment was free and the staff was helpful.  Thank you, the operation was successful.",5
FB0527,H004,Not happy with the treatment.,2
FB0528,H037,"Long wait, nobody attended to us.  Long wait, nobody attended to us.",1
FB0529,H095,The doctor was not helpful.,3
FB0530,H024,Stayed for some days.,3
FB0531,H025,"Thank you, the operation was successful.",5
FB0532,H021,"Good hospital, everything was explained properly.  Operation done under scheme.",5
FB0533,H044,Treatment was free and the staff was helpful.,4
FB0534,H104,"Doctor was not available, very poor service.  Excellent care, my mother recovered quickly.",2
FB0535,H003,Nurses were kind and attentive.  Staff was polite and the doctor was experienced.,5
FB0536,H095,Not happy with the treatment.,2
FB0537,H048,Staff was polite and the doctor was experienced.,4
FB0538,H002,Treatment was done.  Treatment was done.,3
FB0539,H112,Doctors were very good and caring.,5
FB0540,H089,Very clean ward and good food.,5
FB0541,H107,"Good hospital, everything was explained properly.",5
FB0542,H084,Doctors were very good and caring.,5
FB0543,H058,Doctors were very good and caring.,5
FB0544,H009,"Bad experience, worst hospital.  Stayed for some days.",2
FB0545,H109,Operation done under scheme.,3
FB0546,H111,Treatment was free and the staff was helpful.  Treatment was done.,4
FB0547,H081,Operation done under scheme.,3
FB0548,H033,"Thank you, the operation was successful.",5
FB0549,H029,Treatment was done.,4
FB0550,H085,Treatment was done.,3
FB0551,H068,Staff was polite and the doctor was experienced.,4
FB0552,H023,"Thank you, the operation was successful.  Very clean ward and good food.",5
FB0553,H013,Discharged after treatment.,3
FB0554,H090,Very clean ward and good food.  They forced us to get operation done.,4
FB0555,H043,"Excellent care, my mother recovered quickly.",3
FB0556,H097,Stayed for some days.  Discharged after treatment.,4
FB0557,H075,Doctors were very good and caring.,5
FB0558,H011,"Excellent care, my mother recovered quickly.",4
FB0559,H113,Ward was dirty and smelly.  Nurses were kind and attentive.,2
FB0560,H056,"Doctor was not available, very poor service.  Discharged too early, still in pain.",1
FB0561,H073,"Bad experience, worst hospital.",3
FB0562,H118,Nurses were kind and attentive.,4
FB0563,H062,"They forced us to get operation done.  We had to pay for medicines, it was not free.",1
FB0564,H091,Very clean ward and good food.,5
FB0565,H084,Doctors were very good and caring.  Ward was dirty and smelly.,5
FB0566,H072,Treatment was done.  Treatment was free and the staff was helpful.,4
FB0567,H037,Nurses were kind and attentive.,4
FB0568,H011,The doctor was not helpful.,4
FB0569,H070,They forced us to get operation done.,2
FB0570,H041,Stayed for some days.,3
FB0571,H053,Food was not good.,3
FB0572,H092,Very clean ward and good food.,5
FB0573,H061,Ward was dirty and smelly.  Very clean ward and good food.,5
FB0574,H064,"Thank you, the operation was successful.",5
FB0575,H108,Treatment was free and the staff was helpful.,5
FB0576,H119,Nurses were kind and attentive.  Ward was dirty and smelly.,4
FB0577,H108,Doctors were very good and caring.,5
FB0578,H028,"Discharged after treatment.  Excellent care, my mother recovered quickly.",4
FB0579,H060,Nurses were kind and attentive.,5
FB0580,H025,Doctors were very good and caring.  Treatment was done.,5
FB0581,H105,Treatment was free and the staff was helpful.,3
FB0582,H115,"Staff was rude and careless.  Good hospital, everything was explained properly.",3
FB0583,H035,Very clean ward and good food.  They forced us to get operation done.,5
FB0584,H070,"Treatment was done.  Doctor was not available, very poor service.",1
FB0585,H020,"Bad experience, worst hospital.",2
FB0586,H098,"We had to pay for medicines, it was not free.",2
FB0587,H117,"Stayed for some days.  Good hospital, everything was explained properly.",3
FB0588,H024,"Staff was rude and careless.  We had to pay for medicines, it was not free.",1
FB0589,H052,"Nurses were kind and attentive.  We had to pay for medicines, it was not free.",2
FB0590,H109,Stayed for some days.,3
FB0591,H074,Staff was polite and the doctor was experienced.,3
FB0592,H073,Stayed for some days.,3
FB0593,H102,Treatment was done.,3
FB0594,H075,Nurses were kind and attentive.,4
FB0595,H012,Very clean ward and good food.  Treatment was done.,4
FB0596,H113,Doctors were very good and caring.  Staff was rude and careless.,4
FB0597,H061,"Thank you, the operation was successful.",5
FB0598,H096,"Good hospital, everything was explained properly.",3
FB0599,H026,Staff was polite and the doctor was experienced.  Staff was rude and careless.,2
FB0600,H115,"We had to pay for medicines, it was not free.  Very clean ward and good food.",3
FB0601,H040,Doctors were very good and caring.,5
FB0602,H078,Staff was polite and the doctor was experienced.,4
FB0603,H039,Doctors were very good and caring.,5
FB0604,H111,Food was not good.,4
FB0605,H086,Operation done under scheme.,1
FB0606,H016,"Treatment was free and the staff was helpful.  Bad experience, worst hospital.",2
FB0607,H027,"Good hospital, everything was explained properly.  Discharged too early, still in pain.",3
FB0608,H072,"Good hospital, everything was explained properly.  Treatment was done.",5
FB0609,H096,"Excellent care, my mother recovered quickly.",4
FB0610,H119,Treatment was free and the staff was helpful.,4
FB0611,H055,The doctor was not helpful.  Treatment was done.,3
FB0612,H039,"Thank you, the operation was successful.",5
FB0613,H048,Discharged after treatment.,3
FB0614,H031,"Good hospital, everything was explained properly.  Nurses were kind and attentive.",5
FB0615,H096,"Good hospital, everything was explained properly.  Doctors were very good and caring.",5
FB0616,H016,Doctors were very good and caring.  Treatment was done.,5
FB0617,H092,Nurses were kind and attentive.,3
FB0618,H039,Treatment was done.,3
FB0619,H031,"Doctor was not available, very poor service.",2
FB0620,H039,"Thank you, the operation was successful.",4
FB0621,H117,"Excellent care, my mother recovered quickly.",4
FB0622,H092,Doctors were very good and caring.,5
FB0623,H075,Treatment was free and the staff was helpful.,4
FB0624,H065,Doctors were very good and caring.,5
FB0625,H009,"Excellent care, my mother recovered quickly.",3
FB0626,H107,Operation done under scheme.  They forced us to get operation done.,1
FB0627,H072,"Bad experience, worst hospital.",3
FB0628,H009,"Good hospital, everything was explained properly.",3
FB0629,H019,"Nurses were kind and attentive.  Doctor was not available, very poor service.",2
FB0630,H030,Toilets were not clean.  Staff was rude and careless.,2
FB0631,H042,Operation done under scheme.,3
FB0632,H075,The doctor was not helpful.,2
FB0633,H111,"Excellent care, my mother recovered quickly.  Stayed for some days.",4
FB0634,H013,Very clean ward and good food.  Stayed for some days.,5
FB0635,H052,"Thank you, the operation was successful.  Discharged after treatment.",5
FB0636,H078,Doctors were very good and caring.,4
FB0637,H049,Doctors were very good and caring.,5
FB0638,H005,The doctor was not helpful.  Discharged after treatment.,2
FB0639,H085,Doctors were very good and caring.,5
FB0640,H062,Discharged after treatment.,3
FB0641,H052,"Thank you, the operation was successful.",5
FB0642,H013,Operation done under scheme.  They forced us to get operation done.,2
FB0643,H053,"Doctor was not available, very poor service.  Staff was rude and careless.",1
FB0644,H056,"Good hospital, everything was explained properly.",4
FB0645,H115,Treatment was free and the staff was helpful.  Staff was rude and careless.,3
FB0646,H076,Food was not good.  Doctors were very good and caring.,5
FB0647,H059,"Doctors were very good and caring.  Good hospital, everything was explained properly.",5
FB0648,H094,Treatment was free and the staff was helpful.  They forced us to get operation done.,4
FB0649,H052,"Nurses were kind and attentive.  Doctor was not available, very poor service.",2
FB0650,H038,Operation done under scheme.  Nurses were kind and attentive.,4
FB0651,H017,"We had to pay for medicines, it was not free.",1
FB0652,H046,Treatment was free and the staff was helpful.,4
FB0653,H115,Treatment was free and the staff was helpful.,5
FB0654,H073,Ward was dirty and smelly.,2
FB0655,H059,Staff was rude and careless.,3
FB0656,H083,Discharged after treatment.  Very clean ward and good food.,5
FB0657,H071,Toilets were not clean.,4
FB0658,H104,"Staff was polite and the doctor was experienced.  Good hospital, everything was explained properly.",5
FB0659,H045,Treatment was free and the staff was helpful.,5
FB0660,H004,Operation done under scheme.,2
FB0661,H034,Discharged after treatment.  Nurses were kind and attentive.,5
FB0662,H053,Staff was rude and careless.  Staff was rude and careless.,2
FB0663,H024,"Treatment was free and the staff was helpful.  Doctor was not available, very poor service.",2
FB0664,H056,"Thank you, the operation was successful.  Discharged after treatment.",5
FB0665,H040,The doctor was not helpful.,3
FB0666,H045,"Discharged too early, still in pain.",2
FB0667,H058,"Thank you, the operation was successful.",5
FB0668,H082,Food was not good.  Ward was dirty and smelly.,2
FB0669,H068,"Discharged too early, still in pain.  Doctor was not available, very poor service.",1
FB0670,H015,"Treatment was free and the staff was helpful.  Thank you, the operation was successful.",5
FB0671,H015,Treatment was done.  Treatment was done.,3
FB0672,H035,Doctors were very good and caring.,5
FB0673,H009,"Doctors were very good and caring.  Thank you, the operation was successful.",5
FB0674,H069,Operation done under scheme.,3
FB0675,H090,Discharged after treatment.,3
FB0676,H091,Doctors were very good and caring.  Discharged after treatment.,5
FB0677,H043,Staff was polite and the doctor was experienced.,5
FB0678,H023,"Stayed for some days.  Discharged too early, still in pain.",2
FB0679,H104,"Excellent care, my mother recovered quickly.  Treatment was done.",4
FB0680,H028,"Discharged too early, still in pain.",2
FB0681,H009,"Bad experience, worst hospital.",2
FB0682,H087,Staff was polite and the doctor was experienced.,5
FB0683,H032,Treatment was free and the staff was helpful.,4
FB0684,H107,Discharged after treatment.  They forced us to get operation done.,1
FB0685,H087,Treatment was free and the staff was helpful.,5
FB0686,H076,Toilets were not clean.,3
FB0687,H035,Nurses were kind and attentive.  Ward was dirty and smelly.,3
FB0688,H057,"Thank you, the operation was successful.  Excellent care, my mother recovered quickly.",5
FB0689,H096,"Thank you, the operation was successful.",5
FB0690,H015,Treatment was free and the staff was helpful.  Stayed for some days.,4
FB0691,H103,Staff was rude and careless.,2
FB0692,H049,"Treatment was free and the staff was helpful.  Good hospital, everything was explained properly.",4
FB0693,H107,Ward was dirty and smelly.,1
FB0694,H017,Very clean ward and good food.,5
FB0695,H040,Nurses were kind and attentive.  Staff was polite and the doctor was experienced.,5
FB0696,H114,"Treatment was done.  Excellent care, my mother recovered quickly.",4
FB0697,H086,Toilets were not clean.  Treatment was free and the staff was helpful.,5
FB0698,H101,Toilets were not clean.,3
FB0699,H053,Not happy with the treatment.,2
FB0700,H104,"We had to pay for medicines, it was not free.",1
FB0701,H120,Discharged after treatment.,3
FB0702,H046,Staff was polite and the doctor was experienced.  Staff was polite and the doctor was experienced.,5
FB0703,H075,Nurses were kind and attentive.,5
FB0704,H058,Food was not good.,3
FB0705,H111,"Food was not good.  We had to pay for medicines, it was not free.",1
FB0706,H064,Staff was polite and the doctor was experienced.,4
FB0707,H009,The doctor was not helpful.  Ward was dirty and smelly.,2
FB0708,H064,Treatment was done.  Discharged after treatment.,4
FB0709,H010,Doctors were very good and caring.  Discharged after treatment.,5
FB0710,H030,The doctor was not helpful.  Staff was rude and careless.,3
FB0711,H120,Treatment was free and the staff was helpful.,4
FB0712,H009,Stayed for some days.  Ward was dirty and smelly.,2
FB0713,H094,"Excellent care, my mother recovered quickly.",3
FB0714,H005,"Thank you, the operation was successful.  Treatment was free and the staff was helpful.",5
FB0715,H096,"We had to pay for medicines, it was not free.",1
FB0716,H087,"Excellent care, my mother recovered quickly.  Long wait, nobody attended to us.",3
FB0717,H120,Staff was polite and the doctor was experienced.,4
FB0718,H108,"Good hospital, everything was explained properly.",3
FB0719,H047,"Thank you, the operation was successful.  Operation done under scheme.",5
FB0720,H085,Ward was dirty and smelly.,1
FB0721,H033,"Doctor was not available, very poor service.",1
FB0722,H028,Doctors were very good and caring.,5
FB0723,H043,Discharged after treatment.,2
FB0724,H088,"Excellent care, my mother recovered quickly.  Long wait, nobody attended to us.",3
FB0725,H018,"Staff was rude and careless.  Doctor was not available, very poor service.",1
FB0726,H099,Staff was polite and the doctor was experienced.,4
FB0727,H044,"Long wait, nobody attended to us.  Treatment was free and the staff was helpful.",3
FB0728,H048,Very clean ward and good food.,5
FB0729,H094,Doctors were very good and caring.,5
FB0730,H048,Stayed for some days.,3
FB0731,H055,Nurses were kind and attentive.  Treatment was free and the staff was helpful.,4
FB0732,H004,"Thank you, the operation was successful.  Operation done under scheme.",4
FB0733,H002,Operation done under scheme.,3
FB0734,H002,Very clean ward and good food.  Nurses were kind and attentive.,5
FB0735,H001,Treatment was done.,4
FB0736,H068,"Excellent care, my mother recovered quickly.",4
FB0737,H103,"Discharged too early, still in pain.",3
FB0738,H019,Treatment was done.,4
FB0739,H079,Treatment was free and the staff was helpful.,5
FB0740,H112,Very clean ward and good food.  Treatment was done.,5
FB0741,H004,"Stayed for some days.  Thank you, the operation was successful.",4
FB0742,H112,"Bad experience, worst hospital.",2
FB0743,H013,"Good hospital, everything was explained properly.",5
FB0744,H069,"Excellent care, my mother recovered quickly.  Stayed for some days.",4
FB0745,H113,"Thank you, the operation was successful.",5
FB0746,H073,"Thank you, the operation was successful.",5
FB0747,H016,"They forced us to get operation done.  Long wait, nobody attended to us.",1
FB0748,H016,"Good hospital, everything was explained properly.  Excellent care, my mother recovered quickly.",5
FB0749,H014,"Staff was polite and the doctor was experienced.  Bad experience, worst hospital.",2
FB0750,H079,Treatment was done.,3
FB0751,H014,Very clean ward and good food.,5
FB0752,H049,"Nurses were kind and attentive.  Bad experience, worst hospital.",2
FB0753,H073,Discharged after treatment.,2
FB0754,H064,Staff was rude and careless.,2
FB0755,H061,Nurses were kind and attentive.,4
FB0756,H002,Discharged after treatment.,3
FB0757,H053,"Stayed for some days.  Discharged too early, still in pain.",2
FB0758,H031,Stayed for some days.  Treatment was free and the staff was helpful.,5
FB0759,H056,"We had to pay for medicines, it was not free.",1
FB0760,H048,"Thank you, the operation was successful.  Very clean ward and good food.",5
FB0761,H054,Not happy with the treatment.,2
FB0762,H007,Very clean ward and good food.,5
FB0763,H063,"Doctor was not available, very poor service.",1
FB0764,H081,"Thank you, the operation was successful.  Staff was polite and the doctor was experienced.",5
FB0765,H063,"Doctor was not available, very poor service.  They forced us to get operation done.",1
FB0766,H053,"Operation done under scheme.  Bad experience, worst hospital.",1
FB0767,H087,"Good hospital, everything was explained properly.  Staff was polite and the doctor was experienced.",5
FB0768,H060,Doctors were very good and caring.  Staff was polite and the doctor was experienced.,5
FB0769,H059,"Thank you, the operation was successful.  Operation done under scheme.",4
FB0770,H037,"Staff was polite and the doctor was experienced.  Discharged too early, still in pain.",3
FB0771,H042,Stayed for some days.,3
FB0772,H091,Operation done under scheme.,2
FB0773,H097,They forced us to get operation done.,2
FB0774,H014,"Good hospital, everything was explained properly.",4
FB0775,H011,"Staff was polite and the doctor was experienced.  Doctor was not available, very poor service.",3
FB0776,H034,"Discharged after treatment.  Good hospital, everything was explained properly.",3
FB0777,H068,Doctors were very good and caring.,5
FB0778,H092,"Excellent care, my mother recovered quickly.",5
FB0779,H021,"Operation done under scheme.  Excellent care, my mother recovered quickly.",3
FB0780,H088,Doctors were very good and caring.  Treatment was done.,5
FB0781,H114,Operation done under scheme.  Very clean ward and good food.,5
FB0782,H014,Food was not good.,3
FB0783,H115,Staff was polite and the doctor was experienced.,5
FB0784,H050,Very clean ward and good food.  Discharged after treatment.,5
FB0785,H114,"Good hospital, everything was explained properly.",3
FB0786,H074,Treatment was free and the staff was helpful.,4
FB0787,H004,"We had to pay for medicines, it was not free.  Staff was rude and careless.",1
FB0788,H076,Stayed for some days.,3
FB0789,H054,Doctors were very good and caring.  Staff was rude and careless.,4
FB0790,H096,"Treatment was done.  Doctor was not available, very poor service.",1
FB0791,H061,Very clean ward and good food.  Discharged after treatment.,5
FB0792,H063,"Discharged after treatment.  Discharged too early, still in pain.",1
FB0793,H003,Operation done under scheme.,3
FB0794,H005,Ward was dirty and smelly.,2
FB0795,H033,Treatment was free and the staff was helpful.,4
FB0796,H019,"Excellent care, my mother recovered quickly.",4
FB0797,H096,"Treatment was done.  Good hospital, everything was explained properly.",5
FB0798,H071,"We had to pay for medicines, it was not free.",1
FB0799,H009,Nurses were kind and attentive.,5
FB0800,H014,"Discharged after treatment.  Excellent care, my mother recovered quickly.",5
FB0801,H064,"Good hospital, everything was explained properly.",3
FB0802,H104,"Good hospital, everything was explained properly.",3
FB0803,H032,Treatment was free and the staff was helpful.,4
FB0804,H113,"Thank you, the operation was successful.",5
FB0805,H095,Treatment was done.,3
FB0806,H030,Operation done under scheme.,3
FB0807,H028,"Staff was rude and careless.  Long wait, nobody attended to us.",2
FB0808,H025,Treatment was free and the staff was helpful.,4
FB0809,H065,Very clean ward and good food.,5
FB0810,H038,"Excellent care, my mother recovered quickly.  Doctors were very good and caring.",5
FB0811,H119,Very clean ward and good food.,5
FB0812,H074,They forced us to get operation done.,3
FB0813,H072,"Thank you, the operation was successful.",5
FB0814,H040,"Thank you, the operation was successful.",5
FB0815,H104,Food was not good.,2
FB0816,H097,Very clean ward and good food.,5
FB0817,H053,"Bad experience, worst hospital.  Stayed for some days.",2
FB0818,H113,Stayed for some days.  Treatment was done.,4
FB0819,H116,They forced us to get operation done.,1
FB0820,H118,"Long wait, nobody attended to us.",1
FB0821,H009,Nurses were kind and attentive.  Treatment was free and the staff was helpful.,5
FB0822,H007,"Operation done under scheme.  Bad experience, worst hospital.",2
FB0823,H112,Nurses were kind and attentive.,4
FB0824,H104,"Excellent care, my mother recovered quickly.",4
FB0825,H088,Treatment was done.,4
FB0826,H006,Treatment was free and the staff was helpful.  Ward was dirty and smelly.,3
FB0827,H104,Very clean ward and good food.  Ward was dirty and smelly.,4
FB0828,H063,"Discharged too early, still in pain.",3
FB0829,H028,They forced us to get operation done.,2
FB0830,H060,Very clean ward and good food.,4
FB0831,H033,Operation done under scheme.,2
FB0832,H087,Staff was rude and careless.,2
FB0833,H087,Nurses were kind and attentive.,4
FB0834,H116,Treatment was done.,3
FB0835,H058,Staff was polite and the doctor was experienced.,4
FB0836,H113,"Excellent care, my mother recovered quickly.",4
FB0837,H040,Operation done under scheme.  Treatment was free and the staff was helpful.,4
FB0838,H083,They forced us to get operation done.  Treatment was done.,2
FB0839,H021,"Bad experience, worst hospital.",2
FB0840,H005,Staff was polite and the doctor was experienced.  Doctors were very good and caring.,5
FB0841,H018,Treatment was free and the staff was helpful.,5
FB0842,H031,Very clean ward and good food.,4
FB0843,H092,Not happy with the treatment.,1
FB0844,H067,Very clean ward and good food.,4
FB0845,H024,"Good hospital, everything was explained properly.  Good hospital, everything was explained properly.",5
FB0846,H068,Staff was rude and careless.  Nurses were kind and attentive.,3
FB0847,H077,Doctors were very good and caring.,5
FB0848,H001,"Discharged too early, still in pain.  Nurses were kind and attentive.",3
FB0849,H013,"Long wait, nobody attended to us.",2
FB0850,H092,Staff was rude and careless.,2
FB0851,H001,"Very clean ward and good food.  Excellent care, my mother recovered quickly.",5
FB0852,H082,"Bad experience, worst hospital.",2
FB0853,H035,Nurses were kind and attentive.,4
FB0854,H016,"Excellent care, my mother recovered quickly.  Nurses were kind and attentive.",5
FB0855,H073,"Treatment was free and the staff was helpful.  Excellent care, my mother recovered quickly.",5
FB0856,H092,Not happy with the treatment.,3
FB0857,H024,Treatment was done.  Stayed for some days.,4
FB0858,H069,"Excellent care, my mother recovered quickly.",3
FB0859,H027,"Bad experience, worst hospital.",2
FB0860,H092,Very clean ward and good food.  Very clean ward and good food.,5
FB0861,H005,Stayed for some days.,3
FB0862,H069,Very clean ward and good food.,4
FB0863,H014,"Stayed for some days.  Thank you, the operation was successful.",5
FB0864,H014,Staff was polite and the doctor was experienced.  Ward was dirty and smelly.,3
FB0865,H111,Doctors were very good and caring.,5
FB0866,H031,Treatment was free and the staff was helpful.,4
FB0867,H107,Doctors were very good and caring.,4
FB0868,H110,Nurses were kind and attentive.,5
FB0869,H012,"Thank you, the operation was successful.",4
FB0870,H068,Treatment was done.  Treatment was free and the staff was helpful.,5
FB0871,H053,Very clean ward and good food.  Very clean ward and good food.,5
FB0872,H005,Treatment was free and the staff was helpful.,4
FB0873,H039,Very clean ward and good food.,5
FB0874,H001,"Thank you, the operation was successful.",5
FB0875,H057,"Excellent care, my mother recovered quickly.  Treatment was free and the staff was helpful.",5
FB0876,H080,Staff was polite and the doctor was experienced.  Operation done under scheme.,4
FB0877,H043,Operation done under scheme.  Operation done under scheme.,3
FB0878,H018,Not happy with the treatment.,2
FB0879,H013,"Treatment was free and the staff was helpful.  Good hospital, everything was explained properly.",5
FB0880,H002,"Excellent care, my mother recovered quickly.  Doctor was not available, very poor service.",1
FB0881,H071,Nurses were kind and attentive.,4
FB0882,H073,Nurses were kind and attentive.,4
FB0883,H075,Doctors were very good and caring.,5
FB0884,H035,"Good hospital, everything was explained properly.  Treatment was free and the staff was helpful.",5
FB0885,H019,Treatment was free and the staff was helpful.,3
FB0886,H117,Toilets were not clean.,3
FB0887,H088,"Doctor was not available, very poor service.",1
FB0888,H118,The doctor was not helpful.,3
FB0889,H024,"Excellent care, my mother recovered quickly.  Operation done under scheme.",4
FB0890,H012,"Not happy with the treatment.  Thank you, the operation was successful.",4
FB0891,H103,"Treatment was done.  Long wait, nobody attended to us.",1
FB0892,H059,Food was not good.,3
FB0893,H117,"Discharged too early, still in pain.",3
FB0894,H016,Discharged after treatment.,3
FB0895,H088,Treatment was done.,3
FB0896,H089,"Doctor was not available, very poor service.",1
FB0897,H047,"Excellent care, my mother recovered quickly.  Good hospital, everything was explained properly.",5
FB0898,H112,"Discharged too early, still in pain.",2
FB0899,H075,Treatment was free and the staff was helpful.,4
FB0900,H118,"Excellent care, my mother recovered quickly.",5
FB0901,H041,"Doctor was not available, very poor service.  Very clean ward and good food.",3
FB0902,H115,"Excellent care, my mother recovered quickly.  Stayed for some days.",4
FB0903,H080,Treatment was free and the staff was helpful.  Doctors were very good and caring.,5
FB0904,H084,Staff was polite and the doctor was experienced.,4
FB0905,H086,"Doctor was not available, very poor service.",1
FB0906,H027,Treatment was free and the staff was helpful.  Discharged after treatment.,4
FB0907,H067,"Excellent care, my mother recovered quickly.",3
FB0908,H085,Stayed for some days.,2
FB0909,H022,"Bad experience, worst hospital.  Thank you, the operation was successful.",4
FB0910,H077,"Good hospital, everything was explained properly.",4
FB0911,H105,They forced us to get operation done.,2
FB0912,H111,"Good hospital, everything was explained properly.  Staff was polite and the doctor was experienced.",5
FB0913,H024,Nurses were kind and attentive.,4
FB0914,H052,Nurses were kind and attentive.  Very clean ward and good food.,5
FB0915,H096,"Thank you, the operation was successful.  Operation done under scheme.",5
FB0916,H036,Nurses were kind and attentive.,4
FB0917,H016,"Treatment was free and the staff was helpful.  Thank you, the operation was successful.",5
FB0918,H066,They forced us to get operation done.,2
FB0919,H097,Nurses were kind and attentive.,3
FB0920,H061,Nurses were kind and attentive.,5
FB0921,H103,Staff was rude and careless.,3
FB0922,H093,Staff was rude and careless.  Staff was polite and the doctor was experienced.,3
FB0923,H048,Treatment was done.  Treatment was free and the staff was helpful.,4
FB0924,H119,Doctors were very good and caring.,5
FB0925,H061,"Excellent care, my mother recovered quickly.",4
FB0926,H020,"Excellent care, my mother recovered quickly.  Doctors were very good and caring.",5
FB0927,H042,"Excellent care, my mother recovered quickly.  Treatment was free and the staff was helpful.",5
FB0928,H105,"Staff was polite and the doctor was experienced.  Excellent care, my mother recovered quickly.",5
FB0929,H070,Staff was polite and the doctor was experienced.,5
FB0930,H073,Treatment was done.,3
FB0931,H063,"Excellent care, my mother recovered quickly.",4
FB0932,H075,"Long wait, nobody attended to us.  Staff was polite and the doctor was experienced.",3
FB0933,H084,Doctors were very good and caring.,5
FB0934,H055,Treatment was free and the staff was helpful.,3
FB0935,H051,"Excellent care, my mother recovered quickly.",4
FB0936,H033,Very clean ward and good food.  Treatment was done.,5
FB0937,H057,"Excellent care, my mother recovered quickly.",2
FB0938,H059,"Thank you, the operation was successful.  Staff was rude and careless.",4
FB0939,H076,"The doctor was not helpful.  Thank you, the operation was successful.",4
FB0940,H054,"We had to pay for medicines, it was not free.  Doctors were very good and caring.",4
FB0941,H064,Treatment was free and the staff was helpful.,4
FB0942,H101,"Thank you, the operation was successful.",4
FB0943,H095,"Thank you, the operation was successful.",3
FB0944,H007,"Long wait, nobody attended to us.",2
FB0945,H064,Nurses were kind and attentive.,5
FB0946,H046,Very clean ward and good food.  Treatment was free and the staff was helpful.,5
FB0947,H013,"Thank you, the operation was successful.  Discharged too early, still in pain.",3
FB0948,H110,Treatment was free and the staff was helpful.  Treatment was done.,4
FB0949,H115,Staff was rude and careless.,1
FB0950,H111,"Long wait, nobody attended to us.  Nurses were kind and attentive.",4
FB0951,H021,Treatment was free and the staff was helpful.  Stayed for some days.,4
FB0952,H071,"Long wait, nobody attended to us.  Treatment was done.",2
FB0953,H001,"Thank you, the operation was successful.  We had to pay for medicines, it was not free.",3
FB0954,H049,"Treatment was free and the staff was helpful.  Good hospital, everything was explained properly.",5
FB0955,H018,"Good hospital, everything was explained properly.  Discharged after treatment.",4
FB0956,H071,They forced us to get operation done.,2
FB0957,H050,"Discharged too early, still in pain.",2
FB0958,H038,Stayed for some days.,2
FB0959,H072,Operation done under scheme.,3
FB0960,H022,"Bad experience, worst hospital.",3
FB0961,H015,Treatment was free and the staff was helpful.,4
FB0962,H009,Treatment was free and the staff was helpful.  Treatment was free and the staff was helpful.,5
FB0963,H026,Treatment was free and the staff was helpful.,5
FB0964,H084,Doctors were very good and caring.,4
FB0965,H044,"Excellent care, my mother recovered quickly.",5
FB0966,H099,"Thank you, the operation was successful.  Thank you, the operation was successful.",5
FB0967,H054,Staff was polite and the doctor was experienced.,5
FB0968,H026,"Good hospital, everything was explained properly.",2
FB0969,H063,Doctors were very good and caring.,4
FB0970,H108,Very clean ward and good food.,5
FB0971,H061,"Thank you, the operation was successful.",4
FB0972,H061,Discharged after treatment.  Very clean ward and good food.,5
FB0973,H089,"Good hospital, everything was explained properly.",5
FB0974,H015,Stayed for some days.  Very clean ward and good food.,4
FB0975,H038,Treatment was free and the staff was helpful.,3
FB0976,H084,"Stayed for some days.  Good hospital, everything was explained properly.",4
FB0977,H067,"Thank you, the operation was successful.",5
FB0978,H105,"Doctor was not available, very poor service.  They forced us to get operation done.",1
FB0979,H031,Very clean ward and good food.,5
FB0980,H044,"Very clean ward and good food.  Good hospital, everything was explained properly.",5
FB0981,H003,"Good hospital, everything was explained properly.",4
FB0982,H004,Food was not good.,4
FB0983,H107,"Operation done under scheme.  Long wait, nobody attended to us.",2
FB0984,H116,Stayed for some days.,3
FB0985,H028,Staff was rude and careless.  Treatment was done.,2
FB0986,H067,Nurses were kind and attentive.  Ward was dirty and smelly.,2
FB0987,H103,"Excellent care, my mother recovered quickly.",4
FB0988,H041,Treatment was free and the staff was helpful.,4
FB0989,H099,"Thank you, the operation was successful.",5
FB0990,H109,Ward was dirty and smelly.,2
FB0991,H051,Discharged after treatment.  Nurses were kind and attentive.,3
FB0992,H027,Treatment was free and the staff was helpful.,3
FB0993,H007,Nurses were kind and attentive.,5
FB0994,H110,Very clean ward and good food.,5
FB0995,H002,"Stayed for some days.  Doctor was not available, very poor service.",1
FB0996,H115,"Food was not good.  We had to pay for medicines, it was not free.",1
FB0997,H010,Very clean ward and good food.  Stayed for some days.,4
FB0998,H051,"We had to pay for medicines, it was not free.",1
FB0999,H017,Operation done under scheme.,3
FB1000,H110,Nurses were kind and attentive.  Very clean ward and good food.,5
FB1001,H110,"We had to pay for medicines, it was not free.",1
FB1002,H066,Very clean ward and good food.,5
FB1003,H006,Treatment was free and the staff was helpful.,5
FB1004,H036,"Ward was dirty and smelly.  Good hospital, everything was explained properly.",4
FB1005,H024,Operation done under scheme.,4
FB1006,H113,"Good hospital, everything was explained properly.",4
FB1007,H071,"They forced us to get operation done.  Long wait, nobody attended to us.",2
FB1008,H105,"Good hospital, everything was explained properly.",5
FB1009,H004,Stayed for some days.,4
FB1010,H032,"Not happy with the treatment.  Long wait, nobody attended to us.",1
FB1011,H095,"Thank you, the operation was successful.",5
FB1012,H024,Food was not good.  Staff was polite and the doctor was experienced.,5
FB1013,H104,"Long wait, nobody attended to us.  Nurses were kind and attentive.",3
FB1014,H108,Staff was polite and the doctor was experienced.,4
FB1015,H111,Nurses were kind and attentive.,4
FB1016,H009,Very clean ward and good food.,5
FB1017,H051,The doctor was not helpful.  Doctors were very good and caring.,4
FB1018,H046,The doctor was not helpful.,3
FB1019,H101,"Good hospital, everything was explained properly.  Very clean ward and good food.",5
FB1020,H054,"Excellent care, my mother recovered quickly.  Bad experience, worst hospital.",4
FB1021,H036,"Excellent care, my mother recovered quickly.",3
FB1022,H097,Treatment was free and the staff was helpful.,3
FB1023,H075,Very clean ward and good food.  Operation done under scheme.,4
FB1024,H116,"Staff was polite and the doctor was experienced.  Doctor was not available, very poor service.",2
FB1025,H116,"Excellent care, my mother recovered quickly.  Operation done under scheme.",4
FB1026,H060,Stayed for some days.,3
FB1027,H094,"Long wait, nobody attended to us.",2
FB1028,H082,Stayed for some days.,3
FB1029,H006,"Good hospital, everything was explained properly.  Operation done under scheme.",4
FB1030,H073,Discharged after treatment.,2
FB1031,H085,Treatment was free and the staff was helpful.,4
FB1032,H036,Doctors were very good and caring.,5
FB1033,H053,"Thank you, the operation was successful.  They forced us to get operation done.",4
FB1034,H066,Treatment was free and the staff was helpful.,3
FB1035,H052,"Doctors were very good and caring.  Good hospital, everything was explained properly.",5
FB1036,H025,"Stayed for some days.  Bad experience, worst hospital.",2
FB1037,H066,Ward was dirty and smelly.,2
FB1038,H119,"Toilets were not clean.  Bad experience, worst hospital.",3
FB1039,H020,"Thank you, the operation was successful.",5
FB1040,H029,Operation done under scheme.  Doctors were very good and caring.,5
FB1041,H075,"Bad experience, worst hospital.  Good hospital, everything was explained properly.",4
FB1042,H069,Treatment was free and the staff was helpful.  Staff was polite and the doctor was experienced.,5
FB1043,H062,Doctors were very good and caring.,5
FB1044,H014,"Excellent care, my mother recovered quickly.",4
FB1045,H050,"Good hospital, everything was explained properly.",4
FB1046,H049,"Good hospital, everything was explained properly.",3
FB1047,H083,Toilets were not clean.  Very clean ward and good food.,5
FB1048,H015,Treatment was done.  Very clean ward and good food.,5
FB1049,H041,"Operation done under scheme.  Thank you, the operation was successful.",5
FB1050,H024,Nurses were kind and attentive.,4
FB1051,H117,"Very clean ward and good food.  Discharged too early, still in pain.",4
FB1052,H078,"Toilets were not clean.  Good hospital, everything was explained properly.",3
FB1053,H018,Not happy with the treatment.,3
FB1054,H104,Staff was polite and the doctor was experienced.,5
FB1055,H113,"Good hospital, everything was explained properly.",4
FB1056,H090,Treatment was free and the staff was helpful.  Stayed for some days.,4
FB1057,H099,Very clean ward and good food.,5
FB1058,H059,Very clean ward and good food.,4
FB1059,H049,"Excellent care, my mother recovered quickly.",4
FB1060,H004,"Doctors were very good and caring.  Excellent care, my mother recovered quickly.",5
FB1061,H078,Staff was rude and careless.,3
FB1062,H036,Treatment was done.,3
FB1063,H002,Very clean ward and good food.,5
FB1064,H117,Staff was polite and the doctor was experienced.  Operation done under scheme.,4
FB1065,H091,"Thank you, the operation was successful.",5
FB1066,H097,Toilets were not clean.,4
FB1067,H065,"Bad experience, worst hospital.",3
FB1068,H017,"Good hospital, everything was explained properly.",4
FB1069,H117,The doctor was not helpful.,3
FB1070,H106,Treatment was free and the staff was helpful.,4
FB1071,H094,"Thank you, the operation was successful.",5
FB1072,H044,Nurses were kind and attentive.  Discharged after treatment.,4
FB1073,H052,Treatment was done.,4
FB1074,H062,"Long wait, nobody attended to us.  Operation done under scheme.",2
FB1075,H041,Doctors were very good and caring.  Very clean ward and good food.,5
FB1076,H097,"Excellent care, my mother recovered quickly.  Staff was polite and the doctor was experienced.",5
FB1077,H120,Doctors were very good and caring.,5
FB1078,H043,Treatment was free and the staff was helpful.  Staff was polite and the doctor was experienced.,5
FB1079,H064,Treatment was free and the staff was helpful.,4
FB1080,H072,Operation done under scheme.  Doctors were very good and caring.,5
FB1081,H068,Very clean ward and good food.  Staff was polite and the doctor was experienced.,5
FB1082,H014,"Good hospital, everything was explained properly.",4
FB1083,H106,"Discharged after treatment.  Excellent care, my mother recovered quickly.",5
FB1084,H076,"Long wait, nobody attended to us.  Excellent care, my mother recovered quickly.",3
FB1085,H037,"Good hospital, everything was explained properly.  Doctors were very good and caring.",5
FB1086,H060,Treatment was done.,2
FB1087,H066,"Food was not good.  We had to pay for medicines, it was not free.",2
FB1088,H083,Operation done under scheme.,3
FB1089,H074,"Excellent care, my mother recovered quickly.",4
FB1090,H102,Staff was polite and the doctor was experienced.,4
FB1091,H003,"We had to pay for medicines, it was not free.",1
FB1092,H093,"Discharged after treatment.  Doctor was not available, very poor service.",1
FB1093,H092,"Good hospital, everything was explained properly.  Excellent care, my mother recovered quickly.",5
FB1094,H009,Treatment was free and the staff was helpful.,4
FB1095,H080,Staff was polite and the doctor was experienced.,5
FB1096,H087,"Excellent care, my mother recovered quickly.",3
FB1097,H088,The doctor was not helpful.,3
FB1098,H055,Nurses were kind and attentive.,3
FB1099,H048,Discharged after treatment.,3
FB1100,H095,Staff was polite and the doctor was experienced.,5
FB1101,H030,Stayed for some days.,3
FB1102,H002,Very clean ward and good food.,4
FB1103,H013,"Thank you, the operation was successful.  Doctors were very good and caring.",5
FB1104,H004,Nurses were kind and attentive.  They forced us to get operation done.,2
FB1105,H033,Doctors were very good and caring.,5
FB1106,H118,Nurses were kind and attentive.,5
FB1107,H029,Very clean ward and good food.  Very clean ward and good food.,5
FB1108,H037,Nurses were kind and attentive.  Doctors were very good and caring.,5
FB1109,H042,They forced us to get operation done.  Staff was polite and the doctor was experienced.,3
FB1110,H054,Not happy with the treatment.  They forced us to get operation done.,1
FB1111,H028,Staff was polite and the doctor was experienced.,5
FB1112,H090,Staff was polite and the doctor was experienced.  Treatment was free and the staff was helpful.,5
FB1113,H007,Nurses were kind and attentive.,4
FB1114,H074,"Doctor was not available, very poor service.",1
FB1115,H085,"Excellent care, my mother recovered quickly.",4
FB1116,H055,Food was not good.,3
FB1117,H037,Operation done under scheme.,2
FB1118,H029,"Very clean ward and good food.  Doctor was not available, very poor service.",3
FB1119,H052,"Thank you, the operation was successful.  Good hospital, everything was explained properly.",5
FB1120,H063,Toilets were not clean.,3
FB1121,H056,"Staff was polite and the doctor was experienced.  Thank you, the operation was successful.",5
FB1122,H041,"Excellent care, my mother recovered quickly.",5
FB1123,H085,Not happy with the treatment.,2
FB1124,H065,Staff was polite and the doctor was experienced.,4
FB1125,H083,Not happy with the treatment.,2
FB1126,H094,Operation done under scheme.  Treatment was free and the staff was helpful.,5
FB1127,H051,Operation done under scheme.  Treatment was free and the staff was helpful.,4
FB1128,H074,They forced us to get operation done.,3
FB1129,H066,"The doctor was not helpful.  Long wait, nobody attended to us.",2
FB1130,H106,They forced us to get operation done.,2
FB1131,H091,Stayed for some days.,4
FB1132,H009,Discharged after treatment.  Stayed for some days.,2
FB1133,H009,"Good hospital, everything was explained properly.",4
FB1134,H081,"Very clean ward and good food.  Thank you, the operation was successful.",5
FB1135,H090,Doctors were very good and caring.  Treatment was done.,5
FB1136,H022,Staff was rude and careless.  Nurses were kind and attentive.,2
FB1137,H009,Doctors were very good and caring.,5
FB1138,H048,Doctors were very good and caring.,5
FB1139,H090,Staff was polite and the doctor was experienced.,5
FB1140,H060,"Excellent care, my mother recovered quickly.",4
FB1141,H086,"Doctor was not available, very poor service.  Long wait, nobody attended to us.",1
FB1142,H081,Staff was polite and the doctor was experienced.,4
FB1143,H060,"Stayed for some days.  Long wait, nobody attended to us.",1
FB1144,H069,Treatment was free and the staff was helpful.,4
FB1145,H066,"Discharged too early, still in pain.",2
FB1146,H064,"Excellent care, my mother recovered quickly.",4
FB1147,H054,Discharged after treatment.  Treatment was free and the staff was helpful.,4
FB1148,H038,"Excellent care, my mother recovered quickly.  Doctors were very good and caring.",5
FB1149,H005,Very clean ward and good food.,5
FB1150,H092,Staff was polite and the doctor was experienced.,3
FB1151,H063,"Ward was dirty and smelly.  Doctor was not available, very poor service.",1
FB1152,H019,"Thank you, the operation was successful.  Staff was rude and careless.",4
FB1153,H035,"Long wait, nobody attended to us.  Good hospital, everything was explained properly.",4
FB1154,H035,"Discharged too early, still in pain.  Staff was rude and careless.",1
FB1155,H102,"We had to pay for medicines, it was not free.",2
FB1156,H021,"Thank you, the operation was successful.  Operation done under scheme.",5
FB1157,H046,Operation done under scheme.  Treatment was free and the staff was helpful.,4
FB1158,H005,Very clean ward and good food.,5
FB1159,H062,Stayed for some days.,3
FB1160,H067,Treatment was free and the staff was helpful.  They forced us to get operation done.,3
FB1161,H070,Staff was rude and careless.,2
FB1162,H023,"Excellent care, my mother recovered quickly.",4
FB1163,H025,"Excellent care, my mother recovered quickly.",4
FB1164,H059,Stayed for some days.,3
FB1165,H060,Stayed for some days.,3
FB1166,H036,Toilets were not clean.  Staff was polite and the doctor was experienced.,4
FB1167,H119,The doctor was not helpful.,4
FB1168,H082,Operation done under scheme.  Very clean ward and good food.,5
FB1169,H102,Staff was rude and careless.,3
FB1170,H045,"Thank you, the operation was successful.  Nurses were kind and attentive.",5
FB1171,H057,Toilets were not clean.,2
FB1172,H059,Nurses were kind and attentive.,5
FB1173,H117,Doctors were very good and caring.,4
FB1174,H093,"Excellent care, my mother recovered quickly.",3
FB1175,H103,Operation done under scheme.,3
FB1176,H091,"Thank you, the operation was successful.",5
FB1177,H112,"Toilets were not clean.  Doctor was not available, very poor service.",1
FB1178,H079,Treatment was done.  Nurses were kind and attentive.,3
FB1179,H117,They forced us to get operation done.  Discharged after treatment.,2
FB1180,H009,"Nurses were kind and attentive.  Good hospital, everything was explained properly.",5
FB1181,H117,Doctors were very good and caring.  Operation done under scheme.,5
FB1182,H090,"Doctor was not available, very poor service.",1
FB1183,H092,"Discharged too early, still in pain.",1
FB1184,H030,"Thank you, the operation was successful.  Doctors were very good and caring.",5
FB1185,H008,Food was not good.,4
FB1186,H057,"Discharged after treatment.  Thank you, the operation was successful.",4
FB1187,H023,Staff was polite and the doctor was experienced.,4
FB1188,H023,"Good hospital, everything was explained properly.  Staff was polite and the doctor was experienced.",5
FB1189,H028,Operation done under scheme.,1
FB1190,H103,Stayed for some days.,3
FB1191,H019,Staff was polite and the doctor was experienced.  Staff was polite and the doctor was experienced.,5
FB1192,H043,"Staff was rude and careless.  Excellent care, my mother recovered quickly.",3
FB1193,H034,Discharged after treatment.  Ward was dirty and smelly.,2
FB1194,H103,"Thank you, the operation was successful.",5
FB1195,H109,Operation done under scheme.,2
FB1196,H007,"Discharged after treatment.  Doctor was not available, very poor service.",2
FB1197,H105,"Thank you, the operation was successful.",5
FB1198,H089,Discharged after treatment.,3
FB1199,H080,"Thank you, the operation was successful.",4
FB1200,H116,"We had to pay for medicines, it was not free.",1
FB1201,H087,"Good hospital, everything was explained properly.  Doctors were very good and caring.",5
FB1202,H077,"Excellent care, my mother recovered quickly.",4
FB1203,H047,Stayed for some days.,3
FB1204,H003,Not happy with the treatment.,1
FB1205,H085,Nurses were kind and attentive.  Staff was rude and careless.,2
FB1206,H090,Doctors were very good and caring.,5
FB1207,H021,Staff was rude and careless.,2
FB1208,H018,Doctors were very good and caring.  Doctors were very good and caring.,5
FB1209,H032,Doctors were very good and caring.  Discharged after treatment.,5
FB1210,H025,"Excellent care, my mother recovered quickly.  Very clean ward and good food.",5
FB1211,H091,"Food was not good.  Thank you, the operation was successful.",4
FB1212,H119,Not happy with the treatment.,2
FB1213,H068,Very clean ward and good food.,5
FB1214,H104,Toilets were not clean.  Stayed for some days.,3
FB1215,H061,"Not happy with the treatment.  Bad experience, worst hospital.",1
FB1216,H010,"They forced us to get operation done.  Discharged too early, still in pain.",1
FB1217,H056,"Treatment was free and the staff was helpful.  Excellent care, my mother recovered quickly.",5
FB1218,H036,"Good hospital, everything was explained properly.",4
FB1219,H005,Treatment was done.,4
FB1220,H075,Treatment was done.,3
FB1221,H071,Not happy with the treatment.,2
FB1222,H058,Staff was polite and the doctor was experienced.,3
FB1223,H094,"Good hospital, everything was explained properly.  Nurses were kind and attentive.",5
FB1224,H119,Staff was polite and the doctor was experienced.,4
FB1225,H054,Treatment was free and the staff was helpful.  Doctors were very good and caring.,5
FB1226,H028,"Good hospital, everything was explained properly.",4
FB1227,H093,Discharged after treatment.,4
FB1228,H004,The doctor was not helpful.,2
FB1229,H053,"Operation done under scheme.  Excellent care, my mother recovered quickly.",4
FB1230,H065,Nurses were kind and attentive.,4
FB1231,H018,Discharged after treatment.,3
FB1232,H032,"Thank you, the operation was successful.",5
FB1233,H067,Very clean ward and good food.,5
FB1234,H069,Toilets were not clean.,3
FB1235,H104,"Thank you, the operation was successful.",5
FB1236,H102,"Long wait, nobody attended to us.  Staff was polite and the doctor was experienced.",3
FB1237,H074,"Treatment was done.  Long wait, nobody attended to us.",2
FB1238,H029,"The doctor was not helpful.  Excellent care, my mother recovered quickly.",4
FB1239,H104,Very clean ward and good food.,5
FB1240,H117,"Operation done under scheme.  Bad experience, worst hospital.",2
FB1241,H096,"Good hospital, everything was explained properly.",3
FB1242,H090,"Stayed for some days.  Long wait, nobody attended to us.",2
FB1243,H036,"Excellent care, my mother recovered quickly.",4
FB1244,H005,"Excellent care, my mother recovered quickly.  Operation done under scheme.",4
FB1245,H020,"Excellent care, my mother recovered quickly.",4
FB1246,H087,Nurses were kind and attentive.  They forced us to get operation done.,2
FB1247,H021,Operation done under scheme.,3
FB1248,H077,"The doctor was not helpful.  We had to pay for medicines, it was not free.",1
FB1249,H050,"Stayed for some days.  Bad experience, worst hospital.",2
FB1250,H057,"Thank you, the operation was successful.",4
FB1251,H060,"Thank you, the operation was successful.",5
FB1252,H111,Staff was polite and the doctor was experienced.,3
FB1253,H050,Very clean ward and good food.  Very clean ward and good food.,5
FB1254,H103,Doctors were very good and caring.,4
FB1255,H119,"Excellent care, my mother recovered quickly.",3
FB1256,H076,Toilets were not clean.,3
FB1257,H017,Staff was polite and the doctor was experienced.  Ward was dirty and smelly.,3
FB1258,H091,"Excellent care, my mother recovered quickly.",4
FB1259,H005,"Good hospital, everything was explained properly.  Thank you, the operation was successful.",5
FB1260,H025,Operation done under scheme.,3
FB1261,H044,"We had to pay for medicines, it was not free.  Ward was dirty and smelly.",1
FB1262,H096,Staff was polite and the doctor was experienced.,4
FB1263,H042,"Not happy with the treatment.  Thank you, the operation was successful.",5
FB1264,H059,"Operation done under scheme.  Doctor was not available, very poor service.",1
FB1265,H109,"Long wait, nobody attended to us.  Staff was polite and the doctor was experienced.",3
FB1266,H075,"Bad experience, worst hospital.  Doctors were very good and caring.",3
FB1267,H043,Operation done under scheme.,4
FB1268,H061,"Thank you, the operation was successful.",5
FB1269,H016,Treatment was done.  Staff was polite and the doctor was experienced.,4
FB1270,H010,Doctors were very good and caring.,5
FB1271,H051,"Good hospital, everything was explained properly.",4
FB1272,H058,The doctor was not helpful.,4
FB1273,H087,Food was not good.  Stayed for some days.,3
FB1274,H037,"Thank you, the operation was successful.",5
FB1275,H007,Treatment was done.,3
FB1276,H017,The doctor was not helpful.  Operation done under scheme.,3
FB1277,H120,Treatment was done.,3
FB1278,H092,"Discharged after treatment.  We had to pay for medicines, it was not free.",1
FB1279,H002,Food was not good.  Treatment was free and the staff was helpful.,5
FB1280,H070,Not happy with the treatment.  They forced us to get operation done.,1
FB1281,H076,Doctors were very good and caring.  Staff was polite and the doctor was experienced.,5
FB1282,H037,Nurses were kind and attentive.,4
FB1283,H106,Treatment was free and the staff was helpful.  Treatment was free and the staff was helpful.,5
FB1284,H073,"Excellent care, my mother recovered quickly.",4
FB1285,H086,Very clean ward and good food.  Discharged after treatment.,5
FB1286,H071,Ward was dirty and smelly.  Treatment was done.,2
FB1287,H009,"Good hospital, everything was explained properly.",3
FB1288,H006,Stayed for some days.,3
FB1289,H053,"Thank you, the operation was successful.",5
FB1290,H059,The doctor was not helpful.,2
FB1291,H021,Treatment was done.,3
FB1292,H104,"Staff was polite and the doctor was experienced.  Discharged too early, still in pain.",3
FB1293,H097,"Staff was polite and the doctor was experienced.  Good hospital, everything was explained properly.",5
FB1294,H014,Discharged after treatment.,3
FB1295,H092,"Doctor was not available, very poor service.",1
FB1296,H066,"Discharged too early, still in pain.  Long wait, nobody attended to us.",1
FB1297,H019,"Excellent care, my mother recovered quickly.",5
FB1298,H063,"We had to pay for medicines, it was not free.",1
FB1299,H093,"Excellent care, my mother recovered quickly.  They forced us to get operation done.",3
FB1300,H103,Treatment was free and the staff was helpful.,4
FB1301,H041,"Excellent care, my mother recovered quickly.",5
FB1302,H093,"Good hospital, everything was explained properly.  They forced us to get operation done.",3
FB1303,H105,Operation done under scheme.,4
FB1304,H117,Discharged after treatment.,3
FB1305,H021,"Excellent care, my mother recovered quickly.",5
FB1306,H111,"Thank you, the operation was successful.",5
FB1307,H016,Not happy with the treatment.  Discharged after treatment.,2
FB1308,H068,Stayed for some days.  Treatment was done.,4
FB1309,H017,"Thank you, the operation was successful.",5
FB1310,H054,"Bad experience, worst hospital.  Good hospital, everything was explained properly.",3
FB1311,H066,"Toilets were not clean.  We had to pay for medicines, it was not free.",2
FB1312,H100,"Doctors were very good and caring.  Good hospital, everything was explained properly.",5
FB1313,H105,Ward was dirty and smelly.  Treatment was free and the staff was helpful.,3
FB1314,H114,Staff was polite and the doctor was experienced.,4
FB1315,H057,Treatment was free and the staff was helpful.  Treatment was free and the staff was helpful.,4
FB1316,H102,Discharged after treatment.,3
FB1317,H067,"Discharged after treatment.  Excellent care, my mother recovered quickly.",3
FB1318,H093,"Excellent care, my mother recovered quickly.",3
FB1319,H006,Very clean ward and good food.  Stayed for some days.,4
FB1320,H092,Treatment was done.,2
FB1321,H072,"Operation done under scheme.  Bad experience, worst hospital.",3
FB1322,H025,Treatment was done.,3
FB1323,H055,"Excellent care, my mother recovered quickly.  Excellent care, my mother recovered quickly.",5
FB1324,H030,"Good hospital, everything was explained properly.",4
FB1325,H076,"Thank you, the operation was successful.",4
FB1326,H067,They forced us to get operation done.,2
FB1327,H046,Discharged after treatment.  Nurses were kind and attentive.,4
FB1328,H076,Treatment was done.,3
FB1329,H052,Very clean ward and good food.,5
FB1330,H003,"Bad experience, worst hospital.",1
FB1331,H003,Treatment was free and the staff was helpful.,4
FB1332,H099,Staff was polite and the doctor was experienced.,3
FB1333,H098,Stayed for some days.,3
FB1334,H092,Discharged after treatment.,4
FB1335,H086,Ward was dirty and smelly.  Doctors were very good and caring.,4
FB1336,H057,Discharged after treatment.,2
FB1337,H053,"Excellent care, my mother recovered quickly.  We had to pay for medicines, it was not free.",2
FB1338,H094,"Good hospital, everything was explained properly.",2
FB1339,H098,Doctors were very good and caring.,5
FB1340,H086,Treatment was done.,4
FB1341,H010,"Doctor was not available, very poor service.  Discharged too early, still in pain.",1
FB1342,H094,Stayed for some days.,4
FB1343,H041,"Excellent care, my mother recovered quickly.",4
FB1344,H074,Very clean ward and good food.,5
FB1345,H014,The doctor was not helpful.,3
FB1346,H110,Very clean ward and good food.,5
FB1347,H016,"Thank you, the operation was successful.  Thank you, the operation was successful.",5
FB1348,H026,Doctors were very good and caring.,5
FB1349,H054,Stayed for some days.,3
FB1350,H041,The doctor was not helpful.,3
FB1351,H094,Operation done under scheme.,3
FB1352,H016,Nurses were kind and attentive.  They forced us to get operation done.,3
FB1353,H080,They forced us to get operation done.,2
FB1354,H046,Stayed for some days.,3
FB1355,H060,Discharged after treatment.  Staff was rude and careless.,2
FB1356,H064,"Good hospital, everything was explained properly.",4
FB1357,H053,Treatment was done.,3
FB1358,H120,"Long wait, nobody attended to us.  Doctor was not available, very poor service.",1
FB1359,H076,Doctors were very good and caring.,5
FB1360,H045,"Excellent care, my mother recovered quickly.  They forced us to get operation done.",2
FB1361,H049,Very clean ward and good food.  They forced us to get operation done.,4
FB1362,H070,"We had to pay for medicines, it was not free.",1
FB1363,H022,Treatment was free and the staff was helpful.,5
FB1364,H033,Treatment was free and the staff was helpful.,4
FB1365,H026,They forced us to get operation done.,2
FB1366,H091,Staff was rude and careless.,1
FB1367,H014,Very clean ward and good food.,5
FB1368,H087,"Excellent care, my mother recovered quickly.",4
FB1369,H104,Nurses were kind and attentive.  Very clean ward and good food.,5
FB1370,H087,Very clean ward and good food.,5
FB1371,H055,"Not happy with the treatment.  Long wait, nobody attended to us.",2
FB1372,H073,"Thank you, the operation was successful.",5
FB1373,H042,Very clean ward and good food.  Treatment was free and the staff was helpful.,5
FB1374,H092,Doctors were very good and caring.,5
FB1375,H074,"Good hospital, everything was explained properly.",4
FB1376,H057,Staff was polite and the doctor was experienced.  Staff was polite and the doctor was experienced.,5
FB1377,H004,Discharged after treatment.,3
FB1378,H097,Treatment was free and the staff was helpful.,4
FB1379,H034,"Excellent care, my mother recovered quickly.",3
FB1380,H050,Discharged after treatment.,4
FB1381,H075,Operation done under scheme.,3
FB1382,H048,"Doctor was not available, very poor service.",1
FB1383,H084,Nurses were kind and attentive.,4
FB1384,H051,Staff was rude and careless.  Operation done under scheme.,2
FB1385,H082,Treatment was done.,2
FB1386,H073,"Excellent care, my mother recovered quickly.  Bad experience, worst hospital.",3
FB1387,H023,"Good hospital, everything was explained properly.  Operation done under scheme.",4
FB1388,H044,"Discharged too early, still in pain.",1
FB1389,H045,Doctors were very good and caring.  They forced us to get operation done.,5
FB1390,H068,Ward was dirty and smelly.,2
FB1391,H095,"Nurses were kind and attentive.  Bad experience, worst hospital.",4
FB1392,H071,"We had to pay for medicines, it was not free.",1
FB1393,H033,"Thank you, the operation was successful.  Nurses were kind and attentive.",5
FB1394,H056,"Thank you, the operation was successful.  Long wait, nobody attended to us.",4
FB1395,H023,Very clean ward and good food.  Nurses were kind and attentive.,5
FB1396,H033,Nurses were kind and attentive.,4
FB1397,H047,"Bad experience, worst hospital.  Nurses were kind and attentive.",3
FB1398,H120,"Thank you, the operation was successful.",5
FB1399,H088,Stayed for some days.,3
FB1400,H060,"Treatment was done.  Bad experience, worst hospital.",2
FB1401,H083,Operation done under scheme.  Treatment was free and the staff was helpful.,5
FB1402,H091,Operation done under scheme.,4
FB1403,H089,Staff was polite and the doctor was experienced.,4
FB1404,H060,Nurses were kind and attentive.  Very clean ward and good food.,5
FB1405,H031,"Doctors were very good and caring.  Thank you, the operation was successful.",5
FB1406,H113,Very clean ward and good food.,5
FB1407,H083,"Excellent care, my mother recovered quickly.",4
FB1408,H028,"Excellent care, my mother recovered quickly.  Discharged too early, still in pain.",3
FB1409,H044,"Very clean ward and good food.  Thank you, the operation was successful.",5
FB1410,H113,"Bad experience, worst hospital.  Stayed for some days.",2
FB1411,H046,Treatment was free and the staff was helpful.,3
FB1412,H011,Nurses were kind and attentive.,4
FB1413,H096,"Excellent care, my mother recovered quickly.  Discharged after treatment.",4
FB1414,H104,"Doctor was not available, very poor service.",2
FB1415,H038,Food was not good.  Staff was polite and the doctor was experienced.,4
FB1416,H048,"Thank you, the operation was successful.",5
FB1417,H069,Nurses were kind and attentive.,3
FB1418,H096,"Staff was polite and the doctor was experienced.  Good hospital, everything was explained properly.",5
FB1419,H052,Stayed for some days.,3
FB1420,H018,Doctors were very good and caring.,5
FB1421,H102,Treatment was free and the staff was helpful.  Stayed for some days.,4
FB1422,H049,"We had to pay for medicines, it was not free.  Good hospital, everything was explained properly.",3
FB1423,H083,"Bad experience, worst hospital.",1
FB1424,H090,"Very clean ward and good food.  We had to pay for medicines, it was not free.",3
FB1425,H075,Operation done under scheme.,3
FB1426,H078,Treatment was done.  Doctors were very good and caring.,5
FB1427,H109,"Bad experience, worst hospital.",2
FB1428,H093,"Doctors were very good and caring.  Good hospital, everything was explained properly.",5
FB1429,H073,"Good hospital, everything was explained properly.  Operation done under scheme.",3
FB1430,H002,"Doctors were very good and caring.  Bad experience, worst hospital.",5
FB1431,H056,Nurses were kind and attentive.  Staff was polite and the doctor was experienced.,5
FB1432,H103,"Excellent care, my mother recovered quickly.",5
FB1433,H013,Discharged after treatment.  Operation done under scheme.,3
FB1434,H016,Food was not good.  Staff was polite and the doctor was experienced.,5
FB1435,H099,"Bad experience, worst hospital.",2
FB1436,H114,Treatment was done.,3
FB1437,H043,Ward was dirty and smelly.,3
FB1438,H035,"Very clean ward and good food.  Excellent care, my mother recovered quickly.",5
FB1439,H006,Food was not good.  Nurses were kind and attentive.,5
FB1440,H116,Discharged after treatment.  They forced us to get operation done.,2
FB1441,H050,"Good hospital, everything was explained properly.",5
FB1442,H006,Treatment was free and the staff was helpful.,4
FB1443,H028,"We had to pay for medicines, it was not free.",1
FB1444,H112,Discharged after treatment.,3
FB1445,H119,Staff was rude and careless.,2
FB1446,H080,"Bad experience, worst hospital.  Thank you, the operation was successful.",4
FB1447,H104,"Long wait, nobody attended to us.",2
FB1448,H050,Stayed for some days.,4
FB1449,H057,The doctor was not helpful.  Staff was polite and the doctor was experienced.,4
FB1450,H030,"Treatment was free and the staff was helpful.  Doctor was not available, very poor service.",2
FB1451,H028,Treatment was free and the staff was helpful.,4
FB1452,H077,"Excellent care, my mother recovered quickly.  Doctor was not available, very poor service.",3
FB1453,H048,Very clean ward and good food.  Ward was dirty and smelly.,4
FB1454,H079,Very clean ward and good food.  Staff was rude and careless.,5
FB1455,H073,Not happy with the treatment.,1
FB1456,H057,"Staff was polite and the doctor was experienced.  Thank you, the operation was successful.",5
FB1457,H005,Very clean ward and good food.  Operation done under scheme.,5
FB1458,H061,"Doctor was not available, very poor service.  Excellent care, my mother recovered quickly.",2
FB1459,H004,"Good hospital, everything was explained properly.",4
FB1460,H053,"Good hospital, everything was explained properly.",4
FB1461,H083,Nurses were kind and attentive.,4
FB1462,H033,"Good hospital, everything was explained properly.",3
FB1463,H099,Not happy with the treatment.,2
FB1464,H023,Operation done under scheme.  Very clean ward and good food.,5
FB1465,H017,"Nurses were kind and attentive.  Bad experience, worst hospital.",3
FB1466,H002,"Excellent care, my mother recovered quickly.",5
FB1467,H037,Treatment was free and the staff was helpful.  Treatment was done.,4
FB1468,H108,"Operation done under scheme.  Thank you, the operation was successful.",5
FB1469,H060,"Doctors were very good and caring.  Bad experience, worst hospital.",3
FB1470,H089,The doctor was not helpful.,2
FB1471,H050,"Treatment was done.  Doctor was not available, very poor service.",1
FB1472,H050,"We had to pay for medicines, it was not free.",1
FB1473,H102,Toilets were not clean.,2
FB1474,H007,Doctors were very good and caring.,5
FB1475,H003,Staff was polite and the doctor was experienced.,4
FB1476,H078,"Thank you, the operation was successful.",4
FB1477,H083,Toilets were not clean.,3
FB1478,H093,Treatment was free and the staff was helpful.,4
FB1479,H051,The doctor was not helpful.  Treatment was free and the staff was helpful.,4
FB1480,H067,Doctors were very good and caring.  Doctors were very good and caring.,5
FB1481,H005,Treatment was done.,3
FB1482,H066,"Doctor was not available, very poor service.  Discharged after treatment.",1
FB1483,H076,"Good hospital, everything was explained properly.  Discharged after treatment.",3
FB1484,H011,Staff was rude and careless.,2
FB1485,H045,Staff was polite and the doctor was experienced.  Treatment was free and the staff was helpful.,4
FB1486,H046,"We had to pay for medicines, it was not free.  Nurses were kind and attentive.",2
FB1487,H075,"Good hospital, everything was explained properly.",4
FB1488,H100,Very clean ward and good food.  Operation done under scheme.,5
FB1489,H057,"Long wait, nobody attended to us.",3
FB1490,H075,Food was not good.,4
FB1491,H081,Food was not good.  Ward was dirty and smelly.,1
FB1492,H060,Staff was polite and the doctor was experienced.,3
FB1493,H023,Staff was polite and the doctor was experienced.  Stayed for some days.,4
FB1494,H099,Staff was polite and the doctor was experienced.,5
FB1495,H002,"Good hospital, everything was explained properly.",4
FB1496,H047,Very clean ward and good food.,5
FB1497,H119,"Excellent care, my mother recovered quickly.",4
FB1498,H089,Doctors were very good and caring.,5
FB1499,H119,Doctors were very good and caring.,5
FB1500,H080,Treatment was done.,2
