hospital_id,hospital_name,type,district,beds
H001,District Hospital Amarpur,Public,Amarpur,227
H002,District Hospital Belapur,Public,Amarpur,275
H003,District Hospital Chandpur,Public,Amarpur,266
H004,District Hospital Devgarh,Public,Amarpur,293
H005,District Hospital Fatehpur,Public,Amarpur,224
H006,District Hospital Gopalganj,Public,Amarpur,262
H007,District Hospital Haripur,Public,Belapur,243
H008,District Hospital Kishanpur,Public,Belapur,208
H009,CHC Amarpur-1,Public,Belapur,144
H010,CHC Amarpur-2,Public,Belapur,88
H011,CHC Amarpur-3,Public,Belapur,81
H012,CHC Amarpur-4,Public,Belapur,78
H013,CHC Amarpur-5,Public,Chandpur,126
H014,CHC Belapur-1,Public,Chandpur,80
H015,CHC Belapur-2,Public,Chandpur,98
H016,CHC Belapur-3,Public,Chandpur,125
H017,CHC Belapur-4,Public,Chandpur,130
H018,CHC Belapur-5,Public,Chandpur,54
H019,CHC Chandpur-1,Public,Devgarh,76
H020,CHC Chandpur-2,Public,Devgarh,38
H021,CHC Chandpur-3,Public,Devgarh,54
H022,CHC Chandpur-4,Public,Devgarh,94
H023,CHC Chandpur-5,Public,Devgarh,106
H024,CHC Devgarh-1,Public,Devgarh,124
H025,CHC Devgarh-2,Public,Fatehpur,145
H026,CHC Devgarh-3,Public,Fatehpur,55
H027,CHC Devgarh-4,Public,Fatehpur,105
H028,CHC Devgarh-5,Public,Fatehpur,137
H029,CHC Fatehpur-1,Public,Fatehpur,58
H030,CHC Fatehpur-2,Public,Fatehpur,36
H031,CHC Fatehpur-3,Public,Gopalganj,39
H032,CHC Fatehpur-4,Public,Gopalganj,88
H033,CHC Fatehpur-5,Public,Gopalganj,136
H034,CHC Gopalganj-1,Public,Gopalganj,112
H035,CHC Gopalganj-2,Public,Gopalganj,146
H036,CHC Gopalganj-3,Public,Gopalganj,59
H037,CHC Gopalganj-4,Public,Haripur,83
H038,CHC Gopalganj-5,Public,Haripur,40
H039,CHC Haripur-1,Public,Haripur,127
H040,CHC Haripur-2,Public,Haripur,54
H041,CHC Haripur-3,Public,Haripur,45
H042,CHC Haripur-4,Public,Haripur,130
H043,CHC Haripur-5,Public,Kishanpur,113
H044,CHC Kishanpur-1,Public,Kishanpur,36
H045,CHC Kishanpur-2,Public,Kishanpur,85
H046,CHC Kishanpur-3,Public,Kishanpur,135
H047,CHC Kishanpur-4,Public,Kishanpur,52
H048,CHC Kishanpur-5,Public,Kishanpur,48
H049,Himgiri Hospital,Private,Belapur,28
H050,Shivam Nursing Home,Private,Fatehpur,67
H051,Kiran Hospital,Private,Fatehpur,78
H052,Sunrise Multispeciality Hospital,Private,Devgarh,62
H053,Krishna Medical Centre,Private,Haripur,61
H054,Sanjivani Hospital,Private,Amarpur,68
H055,Raksha Medical Centre,Private,Fatehpur,90
H056,Saket Medical Centre,Private,Kishanpur,70
H057,Arogyam Nursing Home,Private,Amarpur,87
H058,Kalyan Medical Centre,Private,Belapur,50
H059,Chetna Multispeciality Hospital,Private,Belapur,53
H060,Akshay Hospital,Private,Haripur,52
H061,Seva Sadan Nursing Home,Private,Fatehpur,94
H062,Saraswati Hospital,Private,Chandpur,72
H063,Kamdhenu Nursing Home,Private,Kishanpur,68
H064,Neelkanth Nursing Home,Private,Fatehpur,42
H065,Mangalam Hospital,Private,Gopalganj,76
H066,Suraksha Nursing Home,Private,Devgarh,73
H067,Vatsalya Hospital,Private,Gopalganj,87
H068,Vardaan Multispeciality Hospital,Private,Belapur,63
H069,Mahima Hospital,Private,Belapur,74
H070,Prerna Hospital,Private,Devgarh,96
H071,Ganga Nursing Home,Private,Belapur,18
H072,Pratiksha Hospital,Private,Belapur,63
H073,Lotus Hospital,Private,Kishanpur,35
H074,Ashirwad Medical Centre,Private,Fatehpur,64
H075,Tulsi Multispeciality Hospital,Private,Amarpur,89
H076,Pushpanjali Medical Centre,Private,Chandpur,47
H077,Dev Medical Centre,Private,Chandpur,23
H078,Matrika Nursing Home,Private,Amarpur,44
H079,Gayatri Hospital,Private,Gopalganj,92
H080,Jeevan Jyoti Hospital,Private,Amarpur,63
H081,Abhay Multispeciality Hospital,Private,Devgarh,50
H082,Harsh Multispeciality Hospital,Private,Kishanpur,43
H083,Lifeline Hospital,Private,Kishanpur,90
H084,Samarpan Multispeciality Hospital,Private,Devgarh,16
H085,Pragati Nursing Home,Private,Devgarh,79
H086,Shubham Medical Centre,Private,Devgarh,81
H087,Dhanvantari Medical Centre,Private,Chandpur,26
H088,Swasthya Hospital,Private,Belapur,21
H089,Sai Kripa Medical Centre,Private,Devgarh,20
H090,Om Sai Multispeciality Hospital,Private,Devgarh,24
H091,Utkarsh Medical Centre,Private,Haripur,34
H092,Amrit Hospital,Private,Haripur,49
H093,Umeed Medical Centre,Private,Amarpur,85
H094,Sukhmani Hospital,Private,Devgarh,19
H095,Uday Medical Centre,Private,Belapur,33
H096,Vishwas Nursing Home,Private,Devgarh,86
H097,Prakash Medical Centre,Private,Devgarh,28
H098,Madhuban Medical Centre,Private,Haripur,31
H099,Jyoti Multispeciality Hospital,Private,Devgarh,45
H100,Sparsh Medical Centre,Private,Amarpur,96
H101,Trinetra Multispeciality Hospital,Private,Fatehpur,59
H102,Kaveri Hospital,Private,Kishanpur,57
H103,Sharda Hospital,Private,Devgarh,56
H104,Navjeevan Hospital,Private,Chandpur,38
H105,Aastha Nursing Home,Private,Amarpur,53
H106,Narmada Hospital,Private,Belapur,55
H107,Sagar Hospital,Private,Amarpur,25
H108,Shanti Medical Centre,Private,Amarpur,45
H109,Disha Nursing Home,Private,Amarpur,16
H110,Sahyog Medical Centre,Private,Gopalganj,93
H111,Indu Multispeciality Hospital,Private,Belapur,43
H112,Parivar Medical Centre,Private,Amarpur,100
H113,Vindhya Hospital,Private,Chandpur,33
H114,Jagriti Hospital,Private,Amarpur,72
H115,Sneh Nursing Home,Private,Amarpur,31
H116,Arpan Hospital,Private,Gopalganj,22
H117,Nidaan Nursing Home,Private,Devgarh,79
H118,Anand Medical Centre,Private,Amarpur,36
H119,Sanjeevani Care Nursing Home,Private,Haripur,50
H120,Nirmal Hospital,Private,Fatehpur,73
