hospital_id,inspection_no,inspection_date,inspector,photo_x_km,photo_y_km
H001,1,2024-07-07,INS-01,82.442,144.426
H001,2,2024-08-27,INS-03,82.46,144.385
H002,1,2025-03-10,INS-03,133.703,177.922
H002,2,2025-03-09,INS-03,133.683,178.123
H003,1,2024-08-10,INS-01,201.502,233.565
H003,2,2024-06-16,INS-03,201.457,233.793
H004,1,2025-01-30,INS-03,216.789,131.417
H004,2,2024-12-04,INS-05,216.74,131.676
H005,1,2024-08-29,INS-02,49.722,112.823
H005,2,2024-08-12,INS-04,49.844,113.127
H006,1,2024-06-29,INS-04,181.423,140.544
H006,2,2025-01-17,INS-03,181.537,140.561
H007,1,2024-04-02,INS-04,192.633,69.898
H007,2,2025-01-07,INS-04,192.795,69.625
H008,1,2025-01-07,INS-02,152.996,36.11
H008,2,2024-11-15,INS-03,153.053,36.11
H009,1,2024-08-24,INS-03,0.156,145.612
H009,2,2024-11-08,INS-05,-0.058,145.959
H010,1,2024-08-31,INS-03,36.168,197.922
H010,2,2024-06-11,INS-05,9.726,282.539
H011,1,2025-02-07,INS-04,6.2,181.477
H011,2,2024-05-07,INS-03,5.932,181.531
H012,1,2024-12-31,INS-01,0.992,143.973
H012,2,2025-02-10,INS-02,0.971,143.843
H013,1,2024-04-09,INS-02,-13.761,200.517
H013,2,2025-02-15,INS-03,-13.843,200.5
H014,1,2024-06-05,INS-04,135.426,174.499
H014,2,2024-10-03,INS-04,135.403,174.535
H015,1,2024-09-11,INS-05,132.838,190.782
H015,2,2024-04-03,INS-03,132.795,191.015
H016,1,2024-07-07,INS-01,146.59,207.355
H016,2,2024-05-28,INS-02,146.534,207.232
H017,1,2024-11-30,INS-05,99.361,209.787
H017,2,2024-10-19,INS-01,99.575,209.821
H018,1,2024-08-30,INS-03,155.134,197.294
H018,2,2024-04-07,INS-03,154.887,197.27
H019,1,2025-02-28,INS-04,237.511,219.63
H019,2,2024-07-18,INS-03,237.653,219.788
H020,1,2025-01-07,INS-04,168.744,210.178
H020,2,2024-09-16,INS-04,168.675,210.097
H021,1,2024-08-07,INS-02,180.36,221.664
H021,2,2025-02-02,INS-03,180.1,221.707
H022,1,2024-05-12,INS-02,236.321,187.15
H022,2,2024-09-22,INS-04,236.266,187.066
H023,1,2024-07-03,INS-04,154.822,193.709
H023,2,2024-10-22,INS-01,154.788,193.931
H024,1,2024-09-19,INS-02,254.886,202.084
H024,2,2025-03-14,INS-03,208.57,159.263
H025,1,2024-12-12,INS-05,291.121,102.699
H025,2,2024-06-11,INS-01,291.228,102.668
H026,1,2024-05-13,INS-03,292.951,184.558
H026,2,2025-03-17,INS-04,293.048,184.576
H027,1,2024-11-14,INS-01,203.735,139.574
H027,2,2024-05-16,INS-02,203.764,139.587
H028,1,2024-08-31,INS-04,212.991,147.067
H028,2,2025-02-23,INS-03,212.866,146.945
H029,1,2024-09-20,INS-01,85.695,115.514
H029,2,2024-05-29,INS-01,85.787,115.357
H030,1,2024-10-27,INS-02,46.875,109.777
H030,2,2025-02-18,INS-05,46.814,109.869
H031,1,2024-08-06,INS-03,79.947,42.413
H031,2,2024-09-23,INS-01,79.645,42.23
H032,1,2024-06-14,INS-03,101.052,53.91
H032,2,2025-02-28,INS-04,101.21,54.069
H033,1,2024-09-13,INS-03,62.905,97.481
H033,2,2024-11-25,INS-03,62.782,97.771
H034,1,2024-04-22,INS-01,138.567,138.307
H034,2,2024-11-26,INS-05,138.737,138.096
H035,1,2024-05-29,INS-03,188.022,117.595
H035,2,2024-05-03,INS-02,187.987,117.574
H036,1,2024-12-23,INS-03,171.332,131.868
H036,2,2024-06-29,INS-03,171.421,131.908
H037,1,2024-04-19,INS-02,175.082,90.266
H037,2,2025-01-07,INS-02,174.941,90.275
H038,1,2024-11-21,INS-02,161.323,157.354
H038,2,2024-09-07,INS-01,161.299,157.045
H039,1,2024-07-27,INS-04,215.048,59.388
H039,2,2024-09-20,INS-03,214.985,59.46
H040,1,2024-05-27,INS-03,213.893,94.545
H040,2,2024-12-15,INS-05,213.747,94.573
H041,1,2024-07-11,INS-04,231.163,54.867
H041,2,2025-01-28,INS-02,231.25,54.262
H042,1,2025-02-19,INS-05,214.073,2.662
H042,2,2024-04-18,INS-04,294.793,36.587
H043,1,2025-01-09,INS-03,206.809,47.513
H043,2,2024-11-14,INS-04,206.875,47.797
H044,1,2025-03-19,INS-03,166.531,40.878
H044,2,2025-02-16,INS-02,166.283,40.723
H045,1,2024-08-20,INS-03,160.816,75.814
H045,2,2024-06-05,INS-05,160.897,75.42
H046,1,2025-01-31,INS-04,146.571,29.431
H046,2,2024-04-15,INS-04,146.533,29.479
H047,1,2024-09-23,INS-04,186.366,17.772
H047,2,2024-10-29,INS-03,186.165,17.693
H048,1,2025-02-26,INS-02,111.208,58.036
H048,2,2024-11-23,INS-02,110.918,58.165
H049,1,2024-04-30,INS-02,150.451,196.103
H049,2,2024-10-06,INS-03,150.427,196.155
H050,1,2024-05-13,INS-05,110.6,67.637
H050,2,2025-01-17,INS-04,110.554,67.641
H051,1,2024-07-05,INS-01,86.549,17.293
H051,2,2025-02-12,INS-04,86.639,17.305
H052,1,2024-04-28,INS-05,272.63,186.239
H052,2,2024-11-29,INS-03,272.425,186.074
H053,1,2024-06-15,INS-03,208.851,6.75
H053,2,2024-04-09,INS-02,208.874,6.515
H054,1,2025-03-04,INS-04,26.528,202.244
H054,2,2024-12-25,INS-03,26.318,202.122
H055,1,2024-10-04,INS-05,100.839,65.293
H055,2,2024-07-21,INS-02,100.985,65.202
H056,1,2025-03-02,INS-02,141.834,66.191
H056,2,2024-11-09,INS-01,141.739,66.371
H057,1,2024-05-12,INS-03,74.52,161.867
H057,2,2024-08-06,INS-03,74.584,161.966
H058,1,2024-07-24,INS-01,134.376,196.925
H058,2,2024-06-06,INS-05,134.4,197.192
H059,1,2024-05-15,INS-02,111.048,162.439
H059,2,2025-02-10,INS-03,110.913,162.603
H060,1,2024-10-25,INS-05,193.514,35.022
H060,2,2024-11-03,INS-05,193.285,35.022
H061,1,2024-04-15,INS-01,105.381,83.075
H061,2,2024-09-21,INS-01,105.412,82.98
H062,1,2024-08-07,INS-03,161.513,189.654
H062,2,2024-05-02,INS-02,161.53,189.728
H063,1,2024-12-14,INS-05,155.943,-7.321
H063,2,2024-06-18,INS-01,156.176,-7.457
H064,1,2025-01-28,INS-05,107.863,84.145
H064,2,2024-08-10,INS-01,107.797,84.274
H065,1,2024-04-20,INS-05,99.745,122.355
H065,2,2024-06-16,INS-05,99.722,122.329
H066,1,2024-07-30,INS-02,202.233,114.975
H066,2,2024-06-15,INS-05,218.231,87.159
H067,1,2024-04-01,INS-05,139.855,93.526
H067,2,2024-11-08,INS-05,139.953,93.405
H068,1,2025-02-10,INS-03,150.038,202.519
H068,2,2025-01-14,INS-01,149.815,202.548
H069,1,2024-09-16,INS-01,135.608,187.337
H069,2,2024-10-28,INS-02,135.394,187.236
H070,1,2024-07-21,INS-01,222.464,149.653
H070,2,2024-06-22,INS-05,222.712,149.739
H071,1,2024-10-16,INS-04,121.028,194.281
H071,2,2024-08-11,INS-04,120.948,194.272
H072,1,2024-07-31,INS-04,152.295,172.228
H072,2,2024-06-08,INS-03,152.201,172.333
H073,1,2024-07-28,INS-03,143.185,54.735
H073,2,2024-08-11,INS-01,143.081,54.389
H074,1,2024-10-10,INS-04,62.971,44.066
H074,2,2024-06-05,INS-03,62.893,43.97
H075,1,2024-05-02,INS-03,76.842,149.209
H075,2,2025-01-18,INS-04,76.735,149.318
H076,1,2025-01-02,INS-04,198.052,226.155
H076,2,2024-10-31,INS-04,198.099,226.182
H077,1,2024-07-09,INS-02,229.269,202.544
H077,2,2024-09-05,INS-02,229.17,202.653
H078,1,2024-07-02,INS-05,37.663,183.248
H078,2,2024-11-10,INS-02,37.701,183.239
H079,1,2025-02-05,INS-02,131.034,109.619
H079,2,2024-08-11,INS-03,130.888,109.716
H080,1,2024-04-10,INS-02,54.957,146.142
H080,2,2024-09-14,INS-03,54.683,146.395
H081,1,2024-11-03,INS-04,249.133,147.151
H081,2,2025-01-12,INS-04,249.144,147.101
H082,1,2025-03-12,INS-05,127.016,43.946
H082,2,2024-10-20,INS-02,127.198,43.794
H083,1,2025-03-17,INS-01,120.116,43.978
H083,2,2024-07-26,INS-05,120.336,43.839
H084,1,2025-01-28,INS-05,305.43,130.704
H084,2,2024-08-08,INS-03,284.152,172.644
H085,1,2024-11-29,INS-01,246.293,133.215
H085,2,2024-04-18,INS-03,246.138,133.054
H086,1,2024-08-11,INS-03,263.464,158.314
H086,2,2024-11-15,INS-03,263.507,158.264
H087,1,2024-12-05,INS-02,196.037,154.865
H087,2,2024-09-13,INS-04,196.353,154.833
H088,1,2024-11-06,INS-01,114.121,156.654
H088,2,2024-09-12,INS-01,114.128,156.337
H089,1,2024-07-15,INS-03,233.665,171.871
H089,2,2025-02-19,INS-04,233.684,171.879
H090,1,2024-06-08,INS-03,203.233,146.397
H090,2,2024-08-25,INS-02,203.384,146.268
H091,1,2025-03-19,INS-05,198.138,43.388
H091,2,2025-01-16,INS-04,198.234,43.503
H092,1,2024-11-03,INS-03,189.541,71.805
H092,2,2024-04-17,INS-02,189.588,71.954
H093,1,2024-07-04,INS-05,78.63,158.968
H093,2,2024-05-13,INS-02,78.363,159.048
H094,1,2024-04-27,INS-03,219.781,127.162
H094,2,2024-05-07,INS-04,219.893,127.113
H095,1,2024-09-11,INS-02,123.383,191.778
H095,2,2024-11-06,INS-01,123.258,191.37
H096,1,2024-04-01,INS-01,225.531,147.076
H096,2,2025-02-16,INS-05,225.513,147.011
H097,1,2024-05-25,INS-04,208.137,122.325
H097,2,2025-01-24,INS-03,208.107,122.291
H098,1,2024-12-08,INS-01,247.064,87.888
H098,2,2025-03-11,INS-04,247.191,87.856
H099,1,2025-01-18,INS-03,313.949,130.998
H099,2,2024-11-11,INS-04,313.815,131.064
H100,1,2024-04-05,INS-04,-12.554,174.386
H100,2,2024-08-10,INS-04,-12.362,174.285
H101,1,2024-04-22,INS-01,62.548,80.617
H101,2,2024-05-27,INS-05,62.517,80.658
H102,1,2025-02-27,INS-03,140.748,-20.881
H102,2,2025-01-26,INS-01,140.526,-20.833
H103,1,2024-05-04,INS-03,223.788,149.523
H103,2,2025-01-28,INS-05,223.719,149.432
H104,1,2024-12-07,INS-04,224.335,212.963
H104,2,2024-11-05,INS-02,224.263,212.98
H105,1,2024-06-06,INS-04,11.598,168.051
H105,2,2024-11-08,INS-05,11.405,168.039
H106,1,2024-10-04,INS-04,132.826,168.341
H106,2,2024-05-24,INS-02,132.883,168.448
H107,1,2024-12-23,INS-04,53.968,127.683
H107,2,2024-11-07,INS-01,54.011,127.471
H108,1,2024-06-24,INS-02,9.972,161.31
H108,2,2024-05-23,INS-05,9.849,161.134
H109,1,2024-08-28,INS-04,79.81,163.07
H109,2,2024-09-11,INS-03,60.277,115.918
H110,1,2024-08-08,INS-02,167.124,96.77
H110,2,2024-08-06,INS-03,167.071,96.911
H111,1,2024-12-15,INS-03,146.209,189.185
H111,2,2024-12-24,INS-04,146.304,188.854
H112,1,2025-01-13,INS-05,20.923,199.846
H112,2,2025-03-23,INS-03,20.867,199.922
H113,1,2025-02-13,INS-02,182.425,208.986
H113,2,2025-02-06,INS-05,182.159,208.848
H114,1,2025-03-06,INS-02,43.345,213.533
H114,2,2024-06-26,INS-04,43.625,213.868
H115,1,2025-03-07,INS-01,49.508,193.552
H115,2,2024-04-19,INS-02,68.114,167.051
H116,1,2024-12-22,INS-01,165.996,108.148
H116,2,2024-04-11,INS-05,166.086,108.594
H117,1,2025-01-27,INS-03,194.516,128.933
H117,2,2024-11-12,INS-05,194.506,128.821
H118,1,2024-07-05,INS-01,7.104,175.939
H118,2,2024-09-25,INS-03,7.104,175.893
H119,1,2024-11-07,INS-05,193.345,10.894
H119,2,2025-03-10,INS-03,193.445,10.985
H120,1,2025-03-15,INS-03,39.737,120.202
H120,2,2024-04-04,INS-02,39.796,120.182
