old,new
COLORR.html,97-colors.html
DPLYRR.html,10-1-dplyr.html
dup.html,20-duplicates.html
dup_net.html,13-Network-applying-network-analysis-in-audit-fraud.html#sec-dup_net
factors.html,14-3Factors.html
file.html,06-2-workflow.html
func.html,04-functions.html
lubridate.html,12-8Lubridate.html
read.html,07-1-reading.html
subset.html,03-Subsets.html
about-author.html,index-about-author.html
anomaly-detection.html,18-anomaly.html
applying-network-analysis-in-auditfraud-detection.html,13-Network-applying-network-analysis-in-audit-fraud.html
association-rule-mining-in-r-apriori.html,12-7Apriori.html
benford-testsanalysis.html,17-Anamolous.html
clustering-in-r-using-kmeans-algorithm.html,12-6KMeans.html
colors-in-r.html,97-colors.html
combining-tablestabular-data.html,10-2-joins.html
control-statements.html,05-1conditionals.html
data-cleaning-in-r.html,07-1-reading-data-cleaning-in-r.html
data-envelopment-analysis.html,26-DEA.html
data-transformation-in-dplyr.html,10-1-dplyr.html
data-wrangling-in-tidyr.html,11-tidyr.html
date-and-time-calculations.html,12-8Lubridate.html
dates-and-times.html,12-8Lubridate.html
descriptive-statistics.html,12-1Desc.html
detecting-gaps-in-sequences.html,21-gaps.html
duplicate-detection.html,20-duplicates.html
existing-and-useful-functions-in-base-r.html,04-functions-existing-and-useful-functions-in-base-r.html
factors-1.html,14-3Factors.html
finding-anamolous-outliers.html,18-anomaly.html
finding-duplicates.html,20-duplicates.html
finding-duplicatessame-same-same-test.html,20-duplicates.html
finding-string-similarity.html,15-stringdist.html
functional-programming.html,06-1-functionalprog.html
gearing-up.html,00-Zero.html
generating-descriptive-statistics.html,12-1Desc.html
geo-coding-in-r.html,16-Rgeo-geo-coding-in-r.html
human-readble-regex-in-rebus.html,14-2Regex-regex-in-human-readble-format-using-rebu.html
linear-regression.html,12-4Reg.html
manipulating-datedate-tiem-objects-using-lubridate.html,12-8Lubridate.html
manipulating-datedate-time-objects-using-lubridate.html,12-8Lubridate.html
maps-in-r.html,16-Rgeo.html
merging-large-number-of-similar-datasets-into-one.html,07-2-merge.html
network-analyticsgraph-theory-in-r.html,13-Network.html
part-i-basic-r-programming-concepts.html,part1-foundations.html
part-ii-dealing-with-tabular-data.html,part2-data-ready.html
part-ii-exploratory-data-analysis.html,part4-explore-sample.html
part-iii-probability-and-sampling-in-r.html,part4-explore-sample.html
part-iii-statistics-with-r.html,part4-explore-sample.html
part-iv-machine-learning-in-r.html,part6-risk-scoring.html
part-iv-techniques-for-auditfraud-detection.html,part5-forensic.html
part-ix-identifying-anamolous-observations-for-audit.html,part7-hidden-patterns.html
part-v-time-series-analysis.html,part7-hidden-patterns.html
part-v-time-series.html,part7-hidden-patterns.html
part-vi-network-analytics.html,part8-beyond-tables.html
part-vii-text-analytics-in-r.html,part8-beyond-tables.html
part-viii-geo-computation-in-r.html,part8-beyond-tables.html
pipes-in-r.html,04-functions-pipes-in-r.html
preface.html,index-preface.html
principal-component-analysis-in-r.html,12-5PCA.html
probability-in-r.html,12-2stats.html
r-programming-language.html,02-basics.html
random-sampling-in-r.html,12-3Samp.html
regex---a-quick-introduction.html,14-2Regex.html
regex-in-human-readble-format-using-rebus.html,14-2Regex-regex-in-human-readble-format-using-rebu.html
relative-size-factor.html,19-nigrini-tests.html
reverse-geo-coding.html,16-Rgeo-reverse-geo-coding.html
same-same-duplicate-test-in-r.html,20-duplicates.html
sentiment-analysis-through-word-cloud.html,14-4text-visualising-text-analytics-through-wordc.html
sentiment-analysis.html,14-4text-sentiment-analysis.html
string-manipulation-in-stringr.html,14-1Stringr.html
text-analytics-basicsmanipulating-text-in-r.html,14-4text.html
text-analytics-in-r.html,14-4text.html
time-series-analysis.html,12-9ts.html
unsupervised-ml---kmeans-clustering-in-r.html,12-6KMeans.html
various-datasets-in-base-r-used-in-this-book.html,98-datasets.html
visualisation-with-ggplot2.html,09-1ggplot2.html
visualisations-in-base-r.html,08-plot.html
visualising-data-with-ggplot2.html,09-1ggplot2.html
visualising-text-analytics-through-wordcloud-etc..html,14-4text-visualising-text-analytics-through-wordc.html
